student_id,term,course_name,course_code,no,date,slot,room,lecturer,group,status,comment
DE190340,Fall2023,Orientation and General Training Program,OTP101,1,Monday 18/09/2023,1_(7:00-8:30),106,,OTP_01,Future,
DE190340,Fall2023,Vovinam 1,VOV114,1,Tuesday 19/09/2023,7_(17:45-19:15),314,teacher11,PC1919_VOV114_FU,Present,
DE190340,Fall2023,Vovinam 1,VOV114,2,Thursday 21/09/2023,7_(17:45-19:15),314,teacher11,PC1919_VOV114_FU,Present,
DE190340,Fall2023,Vovinam 1,VOV114,3,Saturday 23/09/2023,7_(17:45-19:15),314,teacher11,PC1919_VOV114_FU,Present,
DE190340,Fall2023,Vovinam 1,VOV114,4,Tuesday 26/09/2023,7_(17:45-19:15),314,teacher11,PC1919_VOV114_FU,Present,
DE190340,Fall2023,Vovinam 1,VOV114,5,Thursday 28/09/2023,7_(17:45-19:15),314,teacher11,PC1919_VOV114_FU,Present,
DE190340,Fall2023,Vovinam 1,VOV114,6,Saturday 30/09/2023,7_(17:45-19:15),314,teacher11,PC1919_VOV114_FU,Present,
DE190340,Fall2023,Vovinam 1,VOV114,7,Tuesday 03/10/2023,7_(17:45-19:15),314,teacher11,PC1919_VOV114_FU,Present,
DE190340,Fall2023,Vovinam 1,VOV114,8,Thursday 05/10/2023,7_(17:45-19:15),314,teacher11,PC1919_VOV114_FU,Present,
DE190340,Fall2023,Vovinam 1,VOV114,9,Saturday 07/10/2023,7_(17:45-19:15),314,teacher11,PC1919_VOV114_FU,Present,
DE190340,Fall2023,Vovinam 1,VOV114,10,Tuesday 10/10/2023,7_(17:45-19:15),314,teacher11,PC1919_VOV114_FU,Present,
DE190340,Fall2023,Vovinam 1,VOV114,11,Thursday 26/10/2023,5_(14:15-15:45),500,TienTT28,PC1919_VOV114_FU,Present,
DE190340,Fall2023,Vovinam 1,VOV114,12,Thursday 26/10/2023,6_(16:00-17:30),500,TienTT28,PC1919_VOV114_FU,Absent,
DE190340,Fall2023,Vovinam 1,VOV114,13,Saturday 28/10/2023,5_(14:15-15:45),500,TienTT28,PC1919_VOV114_FU,Present,
DE190340,Fall2023,Vovinam 1,VOV114,14,Saturday 28/10/2023,6_(16:00-17:30),500,TienTT28,PC1919_VOV114_FU,Present,
DE190340,Fall2023,Vovinam 1,VOV114,15,Thursday 02/11/2023,5_(14:15-15:45),500,TienTT28,PC1919_VOV114_FU,Present,
DE190340,Fall2023,Vovinam 1,VOV114,16,Thursday 02/11/2023,6_(16:00-17:30),500,TienTT28,PC1919_VOV114_FU,Present,
DE190340,Fall2023,Vovinam 1,VOV114,17,Saturday 04/11/2023,5_(14:15-15:45),500,TienTT28,PC1919_VOV114_FU,Present,
DE190340,Fall2023,Vovinam 1,VOV114,18,Saturday 04/11/2023,6_(16:00-17:30),500,TienTT28,PC1919_VOV114_FU,Present,
DE190340,Fall2023,Vovinam 1,VOV114,19,Thursday 09/11/2023,5_(14:15-15:45),500,TienTT28,PC1919_VOV114_FU,Present,
DE190340,Fall2023,Vovinam 1,VOV114,20,Thursday 09/11/2023,6_(16:00-17:30),500,TienTT28,PC1919_VOV114_FU,Absent,
DE190340,Fall2023,Vovinam 1,VOV114,21,Saturday 11/11/2023,5_(14:15-15:45),500,TienTT28,PC1919_VOV114_FU,Present,
DE190340,Fall2023,Vovinam 1,VOV114,22,Saturday 11/11/2023,6_(16:00-17:30),500,TienTT28,PC1919_VOV114_FU,Absent,
DE190340,Fall2023,Vovinam 1,VOV114,23,Thursday 16/11/2023,5_(14:15-15:45),500,TienTT28,PC1919_VOV114_FU,Present,
DE190340,Fall2023,Vovinam 1,VOV114,24,Thursday 16/11/2023,6_(16:00-17:30),500,TienTT28,PC1919_VOV114_FU,Absent,
DE190340,Fall2023,Vovinam 1,VOV114,25,Saturday 18/11/2023,5_(14:15-15:45),500,TienTT28,PC1919_VOV114_FU,Present,
DE190340,Fall2023,Vovinam 1,VOV114,26,Saturday 18/11/2023,6_(16:00-17:30),500,TienTT28,PC1919_VOV114_FU,Present,
DE190340,Fall2023,Vovinam 1,VOV114,27,Thursday 23/11/2023,5_(14:15-15:45),500,TienTT28,PC1919_VOV114_FU,Present,
DE190340,Fall2023,Vovinam 1,VOV114,28,Thursday 23/11/2023,6_(16:00-17:30),500,TienTT28,PC1919_VOV114_FU,Present,
DE190340,Fall2023,Traditional musical instrument,DSA103,1,Monday 13/11/2023,4_(12:30-14:00),417,TANTN13,PC1904_DSA103_H2,Absent,
DE190340,Fall2023,Traditional musical instrument,DSA103,2,Tuesday 14/11/2023,4_(12:30-14:00),417,TANTN13,PC1904_DSA103_H2,Present,
DE190340,Fall2023,Traditional musical instrument,DSA103,3,Wednesday 15/11/2023,4_(12:30-14:00),417,TANTN13,PC1904_DSA103_H2,Present,
DE190340,Fall2023,Traditional musical instrument,DSA103,4,Thursday 16/11/2023,4_(12:30-14:00),417,TANTN13,PC1904_DSA103_H2,Absent,
DE190340,Fall2023,Traditional musical instrument,DSA103,5,Friday 17/11/2023,4_(12:30-14:00),417,TANTN13,PC1904_DSA103_H2,Present,
DE190340,Fall2023,Traditional musical instrument,DSA103,6,Monday 20/11/2023,4_(12:30-14:00),417,TANTN13,PC1904_DSA103_H2,Present,
DE190340,Fall2023,Traditional musical instrument,DSA103,7,Tuesday 21/11/2023,4_(12:30-14:00),417,TANTN13,PC1904_DSA103_H2,Present,
DE190340,Fall2023,Traditional musical instrument,DSA103,8,Wednesday 22/11/2023,4_(12:30-14:00),417,TANTN13,PC1904_DSA103_H2,Present,
DE190340,Fall2023,Traditional musical instrument,DSA103,9,Thursday 23/11/2023,4_(12:30-14:00),417,TANTN13,PC1904_DSA103_H2,Present,
DE190340,Fall2023,Traditional musical instrument,DSA103,10,Friday 24/11/2023,4_(12:30-14:00),417,TANTN13,PC1904_DSA103_H2,Present,
DE190340,Fall2023,Traditional musical instrument,DSA103,11,Monday 27/11/2023,4_(12:30-14:00),417,TANTN13,PC1904_DSA103_H2,Present,
DE190340,Fall2023,Traditional musical instrument,DSA103,12,Tuesday 28/11/2023,4_(12:30-14:00),417,TANTN13,PC1904_DSA103_H2,Absent,
DE190340,Fall2023,Traditional musical instrument,DSA103,13,Wednesday 29/11/2023,4_(12:30-14:00),417,TANTN13,PC1904_DSA103_H2,Present,
DE190340,Fall2023,Traditional musical instrument,DSA103,14,Thursday 30/11/2023,4_(12:30-14:00),417,TANTN13,PC1904_DSA103_H2,Present,
DE190340,Fall2023,Traditional musical instrument,DSA103,15,Friday 01/12/2023,4_(12:30-14:00),417,TANTN13,PC1904_DSA103_H2,Present,
DE190340,Fall2023,Traditional musical instrument,DSA103,16,Monday 04/12/2023,4_(12:30-14:00),417,TANTN13,PC1904_DSA103_H2,Present,
DE190340,Fall2023,Traditional musical instrument,DSA103,17,Tuesday 05/12/2023,4_(12:30-14:00),417,TANTN13,PC1904_DSA103_H2,Present,
DE190340,Fall2023,Traditional musical instrument,DSA103,18,Wednesday 06/12/2023,4_(12:30-14:00),417,TANTN13,PC1904_DSA103_H2,Present,
DE190340,Fall2023,Traditional musical instrument,DSA103,19,Thursday 07/12/2023,4_(12:30-14:00),417,TANTN13,PC1904_DSA103_H2,Present,
DE190340,Fall2023,Traditional musical instrument,DSA103,20,Friday 08/12/2023,4_(12:30-14:00),417,TANTN13,PC1904_DSA103_H2,Present,
DE190340,Fall2023,Traditional musical instrument,DSA103,21,Monday 11/12/2023,4_(12:30-14:00),417,TANTN13,PC1904_DSA103_H2,Present,
DE190340,Fall2023,Traditional musical instrument,DSA103,22,Tuesday 12/12/2023,4_(12:30-14:00),417,TANTN13,PC1904_DSA103_H2,Present,
DE190340,Fall2023,Traditional musical instrument,DSA103,23,Wednesday 13/12/2023,4_(12:30-14:00),417,TANTN13,PC1904_DSA103_H2,Present,
DE190340,Fall2023,Traditional musical instrument,DSA103,24,Thursday 14/12/2023,4_(12:30-14:00),417,TANTN13,PC1904_DSA103_H2,Present,
DE190340,Fall2023,Traditional musical instrument,DSA103,25,Friday 15/12/2023,4_(12:30-14:00),417,TANTN13,PC1904_DSA103_H2,Present,
DE190340,Fall2023,Traditional musical instrument,DSA103,26,Monday 18/12/2023,4_(12:30-14:00),417,TANTN13,PC1904_DSA103_H2,Present,
DE190340,Fall2023,Traditional musical instrument,DSA103,27,Tuesday 19/12/2023,4_(12:30-14:00),417,TANTN13,PC1904_DSA103_H2,Present,
DE190340,Fall2023,Traditional musical instrument,DSA103,28,Wednesday 20/12/2023,4_(12:30-14:00),417,TANTN13,PC1904_DSA103_H2,Present,
DE190340,Fall2023,Traditional musical instrument,DSA103,29,Thursday 21/12/2023,4_(12:30-14:00),417,TANTN13,PC1904_DSA103_H2,Present,
DE190340,Fall2023,Traditional musical instrument,DSA103,30,Friday 22/12/2023,4_(12:30-14:00),417,TANTN13,PC1904_DSA103_H2,Present,
DE190340,Spring2024,Introduction to Computer Science,CSI105,1,Tuesday 02/01/2024,3_(12:30-14:45),203.,VuongNL3,AI18D02,Present,
DE190340,Spring2024,Introduction to Computer Science,CSI105,2,Thursday 04/01/2024,1_(7:00-9:15),205.,VuongNL3,AI18D02,Present,
DE190340,Spring2024,Introduction to Computer Science,CSI105,3,Tuesday 09/01/2024,3_(12:30-14:45),203.,VuongNL3,AI18D02,Present,
DE190340,Spring2024,Introduction to Computer Science,CSI105,4,Thursday 11/01/2024,4_(15:00-17:15),220.,VuongNL3,AI18D02,Present,
DE190340,Spring2024,Introduction to Computer Science,CSI105,5,Tuesday 16/01/2024,3_(12:30-14:45),203.,VuongNL3,AI18D02,Present,
DE190340,Spring2024,Introduction to Computer Science,CSI105,6,Thursday 18/01/2024,4_(15:00-17:15),220.,VuongNL3,AI18D02,Present,
DE190340,Spring2024,Introduction to Computer Science,CSI105,7,Tuesday 23/01/2024,3_(12:30-14:45),203.,VuongNL3,AI18D02,Present,
DE190340,Spring2024,Introduction to Computer Science,CSI105,8,Thursday 25/01/2024,4_(15:00-17:15),220.,VuongNL3,AI18D02,Absent,
DE190340,Spring2024,Introduction to Computer Science,CSI105,9,Tuesday 30/01/2024,3_(12:30-14:45),203.,VuongNL3,AI18D02,Present,
DE190340,Spring2024,Introduction to Computer Science,CSI105,10,Thursday 01/02/2024,4_(15:00-17:15),220.,VuongNL3,AI18D02,Present,
DE190340,Spring2024,Introduction to Computer Science,CSI105,11,Tuesday 20/02/2024,3_(12:30-14:45),203.,VuongNL3,AI18D02,Present,
DE190340,Spring2024,Introduction to Computer Science,CSI105,12,Thursday 22/02/2024,4_(15:00-17:15),220.,VuongNL3,AI18D02,Present,
DE190340,Spring2024,Introduction to Computer Science,CSI105,13,Tuesday 27/02/2024,3_(12:30-14:45),203.,VuongNL3,AI18D02,Absent,
DE190340,Spring2024,Introduction to Computer Science,CSI105,14,Thursday 29/02/2024,4_(15:00-17:15),220.,VuongNL3,AI18D02,Present,
DE190340,Spring2024,Introduction to Computer Science,CSI105,15,Tuesday 05/03/2024,3_(12:30-14:45),203.,VuongNL3,AI18D02,Present,
DE190340,Spring2024,Introduction to Computer Science,CSI105,16,Thursday 07/03/2024,4_(15:00-17:15),220.,VuongNL3,AI18D02,Present,
DE190340,Spring2024,Introduction to Computer Science,CSI105,17,Tuesday 12/03/2024,3_(12:30-14:45),203.,VuongNL3,AI18D02,Present,
DE190340,Spring2024,Introduction to Computer Science,CSI105,18,Thursday 14/03/2024,4_(15:00-17:15),220.,VuongNL3,AI18D02,Present,
DE190340,Spring2024,Introduction to Computer Science,CSI105,19,Tuesday 19/03/2024,3_(12:30-14:45),203.,VuongNL3,AI18D02,Present,
DE190340,Spring2024,Introduction to Computer Science,CSI105,20,Thursday 21/03/2024,4_(15:00-17:15),220.,VuongNL3,AI18D02,Present,
DE190340,Spring2024,Mathematics for Engineering,MAE101,1,Tuesday 02/01/2024,4_(15:00-17:15),213.,nhannxv,AI18D02,Present,
DE190340,Spring2024,Mathematics for Engineering,MAE101,2,Thursday 04/01/2024,3_(12:30-14:45),315.,nhannxv,AI18D02,Present,
DE190340,Spring2024,Mathematics for Engineering,MAE101,3,Tuesday 09/01/2024,4_(15:00-17:15),213.,hoangnt63,AI18D02,Present,
DE190340,Spring2024,Mathematics for Engineering,MAE101,4,Thursday 11/01/2024,3_(12:30-14:45),315.,hoangnt63,AI18D02,Present,
DE190340,Spring2024,Mathematics for Engineering,MAE101,5,Tuesday 16/01/2024,4_(15:00-17:15),213.,nhannxv,AI18D02,Present,
DE190340,Spring2024,Mathematics for Engineering,MAE101,6,Thursday 18/01/2024,3_(12:30-14:45),315.,nhannxv,AI18D02,Absent,
DE190340,Spring2024,Mathematics for Engineering,MAE101,7,Tuesday 23/01/2024,4_(15:00-17:15),213.,nhannxv,AI18D02,Present,
DE190340,Spring2024,Mathematics for Engineering,MAE101,8,Thursday 25/01/2024,3_(12:30-14:45),315.,nhannxv,AI18D02,Present,
DE190340,Spring2024,Mathematics for Engineering,MAE101,9,Tuesday 30/01/2024,4_(15:00-17:15),213.,nhannxv,AI18D02,Present,
DE190340,Spring2024,Mathematics for Engineering,MAE101,10,Thursday 01/02/2024,3_(12:30-14:45),315.,nhannxv,AI18D02,Present,
DE190340,Spring2024,Mathematics for Engineering,MAE101,11,Tuesday 20/02/2024,4_(15:00-17:15),213.,nhannxv,AI18D02,Present,
DE190340,Spring2024,Mathematics for Engineering,MAE101,12,Thursday 22/02/2024,3_(12:30-14:45),315.,nhannxv,AI18D02,Present,
DE190340,Spring2024,Mathematics for Engineering,MAE101,13,Tuesday 27/02/2024,4_(15:00-17:15),213.,nhannxv,AI18D02,Present,
DE190340,Spring2024,Mathematics for Engineering,MAE101,14,Thursday 29/02/2024,3_(12:30-14:45),315.,nhannxv,AI18D02,Present,
DE190340,Spring2024,Mathematics for Engineering,MAE101,15,Tuesday 05/03/2024,4_(15:00-17:15),213.,nhannxv,AI18D02,Present,
DE190340,Spring2024,Mathematics for Engineering,MAE101,16,Thursday 07/03/2024,3_(12:30-14:45),315.,nhannxv,AI18D02,Present,
DE190340,Spring2024,Mathematics for Engineering,MAE101,17,Tuesday 12/03/2024,4_(15:00-17:15),213.,nhannxv,AI18D02,Present,
DE190340,Spring2024,Mathematics for Engineering,MAE101,18,Thursday 14/03/2024,3_(12:30-14:45),315.,nhannxv,AI18D02,Present,
DE190340,Spring2024,Mathematics for Engineering,MAE101,19,Tuesday 19/03/2024,4_(15:00-17:15),213.,hoangnt63,AI18D02,Present,
DE190340,Spring2024,Mathematics for Engineering,MAE101,20,Thursday 21/03/2024,3_(12:30-14:45),315.,nhannxv,AI18D02,Present,
DE190340,Spring2024,Vovinam 2,VOV124,1,Tuesday 02/01/2024,1_(7:00-8:30),Vovinam 3,TienTT28,VOV124_06,Present,
DE190340,Spring2024,Vovinam 2,VOV124,2,Tuesday 02/01/2024,2_(8:45-10:15),Vovinam 3,TienTT28,VOV124_06,Present,
DE190340,Spring2024,Vovinam 2,VOV124,3,Friday 05/01/2024,1_(7:00-8:30),Vovinam 3,TienTT28,VOV124_06,Present,
DE190340,Spring2024,Vovinam 2,VOV124,4,Friday 05/01/2024,2_(8:45-10:15),Vovinam 3,TienTT28,VOV124_06,Present,
DE190340,Spring2024,Vovinam 2,VOV124,5,Tuesday 09/01/2024,1_(7:00-8:30),Vovinam 3,TienTT28,VOV124_06,Present,
DE190340,Spring2024,Vovinam 2,VOV124,6,Tuesday 09/01/2024,2_(8:45-10:15),Vovinam 3,TienTT28,VOV124_06,Present,
DE190340,Spring2024,Vovinam 2,VOV124,7,Friday 12/01/2024,1_(7:00-8:30),Vovinam 3,TienTT28,VOV124_06,Absent,
DE190340,Spring2024,Vovinam 2,VOV124,8,Friday 12/01/2024,2_(8:45-10:15),Vovinam 3,TienTT28,VOV124_06,Absent,
DE190340,Spring2024,Vovinam 2,VOV124,9,Tuesday 16/01/2024,1_(7:00-8:30),Vovinam 3,TienTT28,VOV124_06,Present,
DE190340,Spring2024,Vovinam 2,VOV124,10,Tuesday 16/01/2024,2_(8:45-10:15),Vovinam 3,TienTT28,VOV124_06,Present,
DE190340,Spring2024,Vovinam 2,VOV124,11,Friday 19/01/2024,1_(7:00-8:30),Vovinam 3,TienTT28,VOV124_06,Present,
DE190340,Spring2024,Vovinam 2,VOV124,12,Friday 19/01/2024,2_(8:45-10:15),Vovinam 3,TienTT28,VOV124_06,Present,
DE190340,Spring2024,Vovinam 2,VOV124,13,Tuesday 23/01/2024,1_(7:00-8:30),Vovinam 3,TienTT28,VOV124_06,Present,
DE190340,Spring2024,Vovinam 2,VOV124,14,Tuesday 23/01/2024,2_(8:45-10:15),Vovinam 3,TienTT28,VOV124_06,Present,
DE190340,Spring2024,Vovinam 2,VOV124,15,Friday 26/01/2024,1_(7:00-8:30),Vovinam 3,TienTT28,VOV124_06,Absent,
DE190340,Spring2024,Vovinam 2,VOV124,16,Friday 26/01/2024,2_(8:45-10:15),Vovinam 3,TienTT28,VOV124_06,Absent,
DE190340,Spring2024,Vovinam 2,VOV124,17,Tuesday 30/01/2024,1_(7:00-8:30),Vovinam 3,TienTT28,VOV124_06,Present,
DE190340,Spring2024,Vovinam 2,VOV124,18,Tuesday 30/01/2024,2_(8:45-10:15),Vovinam 3,TienTT28,VOV124_06,Present,
DE190340,Spring2024,Vovinam 2,VOV124,19,Friday 02/02/2024,1_(7:00-8:30),Vovinam 3,TienTT28,VOV124_06,Present,
DE190340,Spring2024,Vovinam 2,VOV124,20,Friday 02/02/2024,2_(8:45-10:15),Vovinam 3,TienTT28,VOV124_06,Present,
DE190340,Spring2024,Vovinam 2,VOV124,21,Tuesday 20/02/2024,1_(7:00-8:30),Vovinam 3,TienTT28,VOV124_06,Present,
DE190340,Spring2024,Vovinam 2,VOV124,22,Tuesday 20/02/2024,2_(8:45-10:15),Vovinam 3,TienTT28,VOV124_06,Present,
DE190340,Spring2024,Vovinam 2,VOV124,23,Friday 23/02/2024,1_(7:00-8:30),Vovinam 3,TienTT28,VOV124_06,Present,
DE190340,Spring2024,Vovinam 2,VOV124,24,Friday 23/02/2024,2_(8:45-10:15),Vovinam 3,TienTT28,VOV124_06,Present,
DE190340,Spring2024,Vovinam 2,VOV124,25,Tuesday 27/02/2024,1_(7:00-8:30),Vovinam 3,TienTT28,VOV124_06,Present,
DE190340,Spring2024,Vovinam 2,VOV124,26,Tuesday 27/02/2024,2_(8:45-10:15),Vovinam 3,TienTT28,VOV124_06,Present,
DE190340,Spring2024,Vovinam 2,VOV124,27,Friday 01/03/2024,1_(7:00-8:30),Vovinam 3,TienTT28,VOV124_06,Present,
DE190340,Spring2024,Vovinam 2,VOV124,28,Friday 01/03/2024,2_(8:45-10:15),Vovinam 3,TienTT28,VOV124_06,Present,
DE190340,Spring2024,Discrete mathematics,MAD101,1,Wednesday 03/01/2024,2_(9:30-11:45),320.,anhvq16,AI18D02,Present,
DE190340,Spring2024,Discrete mathematics,MAD101,2,Friday 05/01/2024,3_(12:30-14:45),213.,anhvq16,AI18D02,Present,
DE190340,Spring2024,Discrete mathematics,MAD101,3,Wednesday 10/01/2024,2_(9:30-11:45),320.,anhvq16,AI18D02,Present,
DE190340,Spring2024,Discrete mathematics,MAD101,4,Friday 12/01/2024,3_(12:30-14:45),213.,anhvq16,AI18D02,Present,
DE190340,Spring2024,Discrete mathematics,MAD101,5,Wednesday 17/01/2024,2_(9:30-11:45),320.,anhvq16,AI18D02,Present,
DE190340,Spring2024,Discrete mathematics,MAD101,6,Friday 19/01/2024,3_(12:30-14:45),213.,anhvq16,AI18D02,Present,
DE190340,Spring2024,Discrete mathematics,MAD101,7,Wednesday 24/01/2024,2_(9:30-11:45),320.,anhvq16,AI18D02,Present,
DE190340,Spring2024,Discrete mathematics,MAD101,8,Friday 26/01/2024,3_(12:30-14:45),213.,anhvq16,AI18D02,Present,
DE190340,Spring2024,Discrete mathematics,MAD101,9,Wednesday 31/01/2024,2_(9:30-11:45),320.,anhvq16,AI18D02,Present,
DE190340,Spring2024,Discrete mathematics,MAD101,10,Friday 02/02/2024,3_(12:30-14:45),213.,anhvq16,AI18D02,Present,
DE190340,Spring2024,Discrete mathematics,MAD101,11,Wednesday 21/02/2024,2_(9:30-11:45),320.,anhvq16,AI18D02,Present,
DE190340,Spring2024,Discrete mathematics,MAD101,12,Friday 23/02/2024,3_(12:30-14:45),213.,anhvq16,AI18D02,Present,
DE190340,Spring2024,Discrete mathematics,MAD101,13,Wednesday 28/02/2024,2_(9:30-11:45),320.,anhvq16,AI18D02,Present,
DE190340,Spring2024,Discrete mathematics,MAD101,14,Friday 01/03/2024,3_(12:30-14:45),213.,anhvq16,AI18D02,Present,
DE190340,Spring2024,Discrete mathematics,MAD101,15,Wednesday 06/03/2024,2_(9:30-11:45),320.,anhvq16,AI18D02,Present,
DE190340,Spring2024,Discrete mathematics,MAD101,16,Friday 08/03/2024,3_(12:30-14:45),213.,anhvq16,AI18D02,Present,
DE190340,Spring2024,Discrete mathematics,MAD101,17,Wednesday 13/03/2024,2_(9:30-11:45),320.,anhvq16,AI18D02,Present,
DE190340,Spring2024,Discrete mathematics,MAD101,18,Friday 15/03/2024,3_(12:30-14:45),213.,anhvq16,AI18D02,Present,
DE190340,Spring2024,Discrete mathematics,MAD101,19,Wednesday 20/03/2024,2_(9:30-11:45),320.,anhvq16,AI18D02,Present,
DE190340,Spring2024,Discrete mathematics,MAD101,20,Friday 22/03/2024,3_(12:30-14:45),213.,anhvq16,AI18D02,Present,
DE190340,Spring2024,Programming Fundamentals with Python,PFP191,1,Wednesday 03/01/2024,3_(12:30-14:45),302.,HoangTV,AI18D02,Present,
DE190340,Spring2024,Programming Fundamentals with Python,PFP191,2,Friday 05/01/2024,4_(15:00-17:15),220.,HoangTV,AI18D02,Present,
DE190340,Spring2024,Programming Fundamentals with Python,PFP191,3,Wednesday 10/01/2024,3_(12:30-14:45),302.,HoangTV,AI18D02,Present,
DE190340,Spring2024,Programming Fundamentals with Python,PFP191,4,Friday 12/01/2024,4_(15:00-17:15),220.,HoangTV,AI18D02,Present,
DE190340,Spring2024,Programming Fundamentals with Python,PFP191,5,Wednesday 17/01/2024,3_(12:30-14:45),302.,HoangTV,AI18D02,Present,
DE190340,Spring2024,Programming Fundamentals with Python,PFP191,6,Friday 19/01/2024,4_(15:00-17:15),220.,HoangTV,AI18D02,Present,
DE190340,Spring2024,Programming Fundamentals with Python,PFP191,7,Wednesday 24/01/2024,3_(12:30-14:45),302.,HoangTV,AI18D02,Present,
DE190340,Spring2024,Programming Fundamentals with Python,PFP191,8,Friday 26/01/2024,4_(15:00-17:15),220.,HoangTV,AI18D02,Present,
DE190340,Spring2024,Programming Fundamentals with Python,PFP191,9,Wednesday 31/01/2024,3_(12:30-14:45),302.,HoangTV,AI18D02,Present,
DE190340,Spring2024,Programming Fundamentals with Python,PFP191,10,Wednesday 21/02/2024,3_(12:30-14:45),302.,HoangTV,AI18D02,Absent,
DE190340,Spring2024,Programming Fundamentals with Python,PFP191,11,Friday 23/02/2024,4_(15:00-17:15),220.,HoangTV,AI18D02,Present,
DE190340,Spring2024,Programming Fundamentals with Python,PFP191,12,Saturday 24/02/2024,2_(9:30-11:45),207.,HoangTV,AI18D02,Absent,
DE190340,Spring2024,Programming Fundamentals with Python,PFP191,13,Wednesday 28/02/2024,3_(12:30-14:45),302.,HoangTV,AI18D02,Present,
DE190340,Spring2024,Programming Fundamentals with Python,PFP191,14,Friday 01/03/2024,4_(15:00-17:15),220.,HoangTV,AI18D02,Present,
DE190340,Spring2024,Programming Fundamentals with Python,PFP191,15,Wednesday 06/03/2024,3_(12:30-14:45),302.,HoangTV,AI18D02,Present,
DE190340,Spring2024,Programming Fundamentals with Python,PFP191,16,Friday 08/03/2024,4_(15:00-17:15),220.,HoangTV,AI18D02,Present,
DE190340,Spring2024,Programming Fundamentals with Python,PFP191,17,Wednesday 13/03/2024,3_(12:30-14:45),302.,HoangTV,AI18D02,Present,
DE190340,Spring2024,Programming Fundamentals with Python,PFP191,18,Friday 15/03/2024,4_(15:00-17:15),220.,HoangTV,AI18D02,Present,
DE190340,Spring2024,Programming Fundamentals with Python,PFP191,19,Wednesday 20/03/2024,3_(12:30-14:45),302.,HoangTV,AI18D02,Present,
DE190340,Spring2024,Programming Fundamentals with Python,PFP191,20,Friday 22/03/2024,4_(15:00-17:15),220.,HoangTV,AI18D02,Absent,
DE190340,Spring2024,Academic Skills for University Success,SSL101c,1,Saturday 06/01/2024,8_(19:30-21:00),110,LongT3,SSL101c_2,Present,
DE190340,Spring2024,Academic Skills for University Success,SSL101c,2,Monday 15/01/2024,8_(19:30-21:00),110,LongT3,SSL101c_2,Absent,
DE190340,Spring2024,Academic Skills for University Success,SSL101c,3,Monday 29/01/2024,8_(19:30-21:00),110,LongT3,SSL101c_2,Absent,
DE190340,Spring2024,Academic Skills for University Success,SSL101c,4,Monday 26/02/2024,8_(19:30-21:00),110,LongT3,SSL101c_2,Absent,
DE190340,Spring2024,Academic Skills for University Success,SSL101c,5,Monday 11/03/2024,8_(19:30-21:00),110,LongT3,SSL101c_2,Absent,
DE190340,Spring2024,Academic Skills for University Success,SSL101c,6,Monday 18/03/2024,8_(19:30-21:00),110,LongT3,SSL101c_2,Absent,
DE190340,Summer2024,Computer Organization and Architecture,CEA201,1,Monday 06/05/2024,4_(15:00-17:15),Gamma 407.,DienNV13,AI18D02,Present,
DE190340,Summer2024,Computer Organization and Architecture,CEA201,2,Wednesday 08/05/2024,3_(12:30-14:45),Gamma 407.,DienNV13,AI18D02,Present,
DE190340,Summer2024,Computer Organization and Architecture,CEA201,3,Monday 13/05/2024,4_(15:00-17:15),Gamma 407.,DienNV13,AI18D02,Present,
DE190340,Summer2024,Computer Organization and Architecture,CEA201,4,Wednesday 15/05/2024,3_(12:30-14:45),Gamma 407.,DienNV13,AI18D02,Present,
DE190340,Summer2024,Computer Organization and Architecture,CEA201,5,Monday 20/05/2024,4_(15:00-17:15),Gamma 407.,DienNV13,AI18D02,Present,
DE190340,Summer2024,Computer Organization and Architecture,CEA201,6,Wednesday 22/05/2024,3_(12:30-14:45),Gamma 407.,DienNV13,AI18D02,Present,
DE190340,Summer2024,Computer Organization and Architecture,CEA201,7,Monday 27/05/2024,4_(15:00-17:15),Gamma 407.,DienNV13,AI18D02,Present,
DE190340,Summer2024,Computer Organization and Architecture,CEA201,8,Wednesday 29/05/2024,3_(12:30-14:45),Gamma 407.,DienNV13,AI18D02,Present,
DE190340,Summer2024,Computer Organization and Architecture,CEA201,9,Monday 03/06/2024,4_(15:00-17:15),Gamma 407.,DienNV13,AI18D02,Present,
DE190340,Summer2024,Computer Organization and Architecture,CEA201,10,Wednesday 05/06/2024,3_(12:30-14:45),Gamma 407.,DienNV13,AI18D02,Present,
DE190340,Summer2024,Computer Organization and Architecture,CEA201,11,Monday 10/06/2024,4_(15:00-17:15),Gamma 407.,DienNV13,AI18D02,Present,
DE190340,Summer2024,Computer Organization and Architecture,CEA201,12,Wednesday 12/06/2024,3_(12:30-14:45),Gamma 407.,DienNV13,AI18D02,Present,
DE190340,Summer2024,Computer Organization and Architecture,CEA201,13,Monday 17/06/2024,4_(15:00-17:15),Gamma 407.,DienNV13,AI18D02,Present,
DE190340,Summer2024,Computer Organization and Architecture,CEA201,14,Wednesday 19/06/2024,3_(12:30-14:45),Gamma 407.,DienNV13,AI18D02,Present,
DE190340,Summer2024,Computer Organization and Architecture,CEA201,15,Monday 24/06/2024,4_(15:00-17:15),Gamma 407.,DienNV13,AI18D02,Present,
DE190340,Summer2024,Computer Organization and Architecture,CEA201,16,Wednesday 26/06/2024,3_(12:30-14:45),Gamma 407.,DienNV13,AI18D02,Present,
DE190340,Summer2024,Computer Organization and Architecture,CEA201,17,Monday 08/07/2024,4_(15:00-17:15),Gamma 407.,DienNV13,AI18D02,Present,
DE190340,Summer2024,Computer Organization and Architecture,CEA201,18,Wednesday 10/07/2024,3_(12:30-14:45),Gamma 407.,DienNV13,AI18D02,Present,
DE190340,Summer2024,Computer Organization and Architecture,CEA201,19,Monday 15/07/2024,4_(15:00-17:15),Gamma 407.,DienNV13,AI18D02,Present,
DE190340,Summer2024,Computer Organization and Architecture,CEA201,20,Wednesday 17/07/2024,3_(12:30-14:45),Gamma 407.,DienNV13,AI18D02,Present,
DE190340,Summer2024,Artificial Intelligence,AIG202c,1,Monday 06/05/2024,8_(19:30-21:00),Gamma 117,TrinhVQ,AIG202C_2,Present,
DE190340,Summer2024,Artificial Intelligence,AIG202c,2,Monday 20/05/2024,8_(19:30-21:00),Gamma 117,TrinhVQ,AIG202C_2,Present,
DE190340,Summer2024,Artificial Intelligence,AIG202c,3,Monday 03/06/2024,8_(19:30-21:00),Gamma 117,TrinhVQ,AIG202C_2,Present,
DE190340,Summer2024,Artificial Intelligence,AIG202c,4,Monday 24/06/2024,8_(19:30-21:00),Gamma 117,TrinhVQ,AIG202C_2,Present,
DE190340,Summer2024,Artificial Intelligence,AIG202c,5,Monday 29/07/2024,8_(19:30-21:00),Gamma 117,TrinhVQ,AIG202C_2,Present,
DE190340,Summer2024,Vovinam 3,VOV134,1,Monday 06/05/2024,1_(7:00-8:30),Vovinam 1,NamTP3,VOV134_01_H1,Present,
DE190340,Summer2024,Vovinam 3,VOV134,2,Monday 06/05/2024,2_(8:45-10:15),Vovinam 1,NamTP3,VOV134_01_H1,Present,
DE190340,Summer2024,Vovinam 3,VOV134,3,Wednesday 08/05/2024,1_(7:00-8:30),Vovinam 1,NamTP3,VOV134_01_H1,Present,
DE190340,Summer2024,Vovinam 3,VOV134,4,Wednesday 08/05/2024,2_(8:45-10:15),Vovinam 1,NamTP3,VOV134_01_H1,Present,
DE190340,Summer2024,Vovinam 3,VOV134,5,Monday 13/05/2024,1_(7:00-8:30),Vovinam 1,NamTP3,VOV134_01_H1,Absent,
DE190340,Summer2024,Vovinam 3,VOV134,6,Monday 13/05/2024,2_(8:45-10:15),Vovinam 1,NamTP3,VOV134_01_H1,Absent,
DE190340,Summer2024,Vovinam 3,VOV134,7,Wednesday 15/05/2024,1_(7:00-8:30),Vovinam 1,NamTP3,VOV134_01_H1,Present,
DE190340,Summer2024,Vovinam 3,VOV134,8,Wednesday 15/05/2024,2_(8:45-10:15),Vovinam 1,NamTP3,VOV134_01_H1,Present,
DE190340,Summer2024,Vovinam 3,VOV134,9,Monday 20/05/2024,1_(7:00-8:30),Vovinam 1,NamTP3,VOV134_01_H1,Present,
DE190340,Summer2024,Vovinam 3,VOV134,10,Monday 20/05/2024,2_(8:45-10:15),Vovinam 1,NamTP3,VOV134_01_H1,Present,
DE190340,Summer2024,Vovinam 3,VOV134,11,Wednesday 22/05/2024,1_(7:00-8:30),Vovinam 1,NamTP3,VOV134_01_H1,Present,
DE190340,Summer2024,Vovinam 3,VOV134,12,Wednesday 22/05/2024,2_(8:45-10:15),Vovinam 1,NamTP3,VOV134_01_H1,Present,
DE190340,Summer2024,Vovinam 3,VOV134,13,Monday 27/05/2024,1_(7:00-8:30),Vovinam 1,NamTP3,VOV134_01_H1,Present,
DE190340,Summer2024,Vovinam 3,VOV134,14,Monday 27/05/2024,2_(8:45-10:15),Vovinam 1,NamTP3,VOV134_01_H1,Present,
DE190340,Summer2024,Vovinam 3,VOV134,15,Wednesday 29/05/2024,1_(7:00-8:30),Vovinam 1,NamTP3,VOV134_01_H1,Present,
DE190340,Summer2024,Vovinam 3,VOV134,16,Wednesday 29/05/2024,2_(8:45-10:15),Vovinam 1,NamTP3,VOV134_01_H1,Present,
DE190340,Summer2024,Vovinam 3,VOV134,17,Monday 03/06/2024,1_(7:00-8:30),Vovinam 1,NamTP3,VOV134_01_H1,Present,
DE190340,Summer2024,Vovinam 3,VOV134,18,Monday 03/06/2024,2_(8:45-10:15),Vovinam 1,NamTP3,VOV134_01_H1,Present,
DE190340,Summer2024,Vovinam 3,VOV134,19,Wednesday 05/06/2024,1_(7:00-8:30),Vovinam 1,NamTP3,VOV134_01_H1,Present,
DE190340,Summer2024,Vovinam 3,VOV134,20,Wednesday 05/06/2024,2_(8:45-10:15),Vovinam 1,NamTP3,VOV134_01_H1,Present,
DE190340,Summer2024,Vovinam 3,VOV134,21,Monday 10/06/2024,1_(7:00-8:30),Vovinam 1,NamTP3,VOV134_01_H1,Absent,
DE190340,Summer2024,Vovinam 3,VOV134,22,Monday 10/06/2024,2_(8:45-10:15),Vovinam 1,NamTP3,VOV134_01_H1,Absent,
DE190340,Summer2024,Vovinam 3,VOV134,23,Wednesday 12/06/2024,1_(7:00-8:30),Vovinam 1,NamTP3,VOV134_01_H1,Present,
DE190340,Summer2024,Vovinam 3,VOV134,24,Wednesday 12/06/2024,2_(8:45-10:15),Vovinam 1,NamTP3,VOV134_01_H1,Present,
DE190340,Summer2024,Vovinam 3,VOV134,25,Monday 17/06/2024,1_(7:00-8:30),Vovinam 1,NamTP3,VOV134_01_H1,Present,
DE190340,Summer2024,Vovinam 3,VOV134,26,Monday 17/06/2024,2_(8:45-10:15),Vovinam 1,NamTP3,VOV134_01_H1,Present,
DE190340,Summer2024,Vovinam 3,VOV134,27,Wednesday 19/06/2024,1_(7:00-8:30),Vovinam 1,NamTP3,VOV134_01_H1,Present,
DE190340,Summer2024,Vovinam 3,VOV134,28,Wednesday 19/06/2024,2_(8:45-10:15),Vovinam 1,NamTP3,VOV134_01_H1,Present,
DE190340,Summer2024,Communication and In-Group Working Skills,SSG104,1,Tuesday 07/05/2024,4_(15:00-17:15),Gamma 309.,HaiVA2,IB18D01,Present,
DE190340,Summer2024,Communication and In-Group Working Skills,SSG104,2,Thursday 09/05/2024,3_(12:30-14:45),Gamma 309.,HaiVA2,IB18D01,Absent,
DE190340,Summer2024,Communication and In-Group Working Skills,SSG104,3,Tuesday 14/05/2024,4_(15:00-17:15),Gamma 309.,HaiVA2,IB18D01,Present,
DE190340,Summer2024,Communication and In-Group Working Skills,SSG104,4,Thursday 16/05/2024,3_(12:30-14:45),Gamma 309.,HaiVA2,IB18D01,Present,
DE190340,Summer2024,Communication and In-Group Working Skills,SSG104,5,Tuesday 21/05/2024,4_(15:00-17:15),Gamma 309.,HaiVA2,IB18D01,Present,
DE190340,Summer2024,Communication and In-Group Working Skills,SSG104,6,Thursday 23/05/2024,3_(12:30-14:45),Gamma 309.,HaiVA2,IB18D01,Present,
DE190340,Summer2024,Communication and In-Group Working Skills,SSG104,7,Tuesday 28/05/2024,4_(15:00-17:15),Gamma 309.,HaiVA2,IB18D01,Present,
DE190340,Summer2024,Communication and In-Group Working Skills,SSG104,8,Thursday 30/05/2024,3_(12:30-14:45),Gamma 309.,HaiVA2,IB18D01,Absent,
DE190340,Summer2024,Communication and In-Group Working Skills,SSG104,9,Tuesday 04/06/2024,4_(15:00-17:15),Gamma 309.,HaiVA2,IB18D01,Present,
DE190340,Summer2024,Communication and In-Group Working Skills,SSG104,10,Thursday 06/06/2024,3_(12:30-14:45),Gamma 309.,HaiVA2,IB18D01,Present,
DE190340,Summer2024,Communication and In-Group Working Skills,SSG104,11,Tuesday 11/06/2024,4_(15:00-17:15),Gamma 309.,HaiVA2,IB18D01,Absent,
DE190340,Summer2024,Communication and In-Group Working Skills,SSG104,12,Thursday 13/06/2024,3_(12:30-14:45),Gamma 309.,HaiVA2,IB18D01,Absent,
DE190340,Summer2024,Communication and In-Group Working Skills,SSG104,13,Tuesday 18/06/2024,4_(15:00-17:15),Gamma 309.,HaiVA2,IB18D01,Present,
DE190340,Summer2024,Communication and In-Group Working Skills,SSG104,14,Thursday 20/06/2024,3_(12:30-14:45),Gamma 309.,HaiVA2,IB18D01,Present,
DE190340,Summer2024,Communication and In-Group Working Skills,SSG104,15,Tuesday 25/06/2024,4_(15:00-17:15),Gamma 309.,HaiVA2,IB18D01,Present,
DE190340,Summer2024,Communication and In-Group Working Skills,SSG104,16,Thursday 27/06/2024,3_(12:30-14:45),Gamma 309.,HaiVA2,IB18D01,Present,
DE190340,Summer2024,Communication and In-Group Working Skills,SSG104,17,Tuesday 09/07/2024,4_(15:00-17:15),Gamma 309.,HaiVA2,IB18D01,Present,
DE190340,Summer2024,Communication and In-Group Working Skills,SSG104,18,Thursday 11/07/2024,3_(12:30-14:45),Gamma 309.,HaiVA2,IB18D01,Present,
DE190340,Summer2024,Communication and In-Group Working Skills,SSG104,19,Tuesday 16/07/2024,4_(15:00-17:15),Gamma 309.,HaiVA2,IB18D01,Present,
DE190340,Summer2024,Communication and In-Group Working Skills,SSG104,20,Thursday 18/07/2024,3_(12:30-14:45),Gamma 309.,HaiVA2,IB18D01,Present,
DE190340,Summer2024,Database Systems,DBI202,1,Tuesday 07/05/2024,1_(7:00-9:15),Gamma 207.,TamNP4,SE18C01,Present,
DE190340,Summer2024,Database Systems,DBI202,2,Thursday 09/05/2024,2_(9:30-11:45),Gamma 203.,TamNP4,SE18C01,Present,
DE190340,Summer2024,Database Systems,DBI202,3,Tuesday 14/05/2024,1_(7:00-9:15),Gamma 207.,TamNP4,SE18C01,Present,
DE190340,Summer2024,Database Systems,DBI202,4,Thursday 16/05/2024,2_(9:30-11:45),Gamma 203.,TamNP4,SE18C01,Present,
DE190340,Summer2024,Database Systems,DBI202,5,Tuesday 21/05/2024,1_(7:00-9:15),Gamma 207.,TamNP4,SE18C01,Absent,
DE190340,Summer2024,Database Systems,DBI202,6,Thursday 23/05/2024,2_(9:30-11:45),Gamma 203.,TamNP4,SE18C01,Present,
DE190340,Summer2024,Database Systems,DBI202,7,Tuesday 28/05/2024,1_(7:00-9:15),Gamma 207.,TamNP4,SE18C01,Present,
DE190340,Summer2024,Database Systems,DBI202,8,Thursday 30/05/2024,2_(9:30-11:45),Gamma 203.,TamNP4,SE18C01,Present,
DE190340,Summer2024,Database Systems,DBI202,9,Tuesday 04/06/2024,1_(7:00-9:15),Gamma 207.,TamNP4,SE18C01,Present,
DE190340,Summer2024,Database Systems,DBI202,10,Tuesday 11/06/2024,1_(7:00-9:15),Gamma 207.,TamNP4,SE18C01,Present,
DE190340,Summer2024,Database Systems,DBI202,11,Thursday 13/06/2024,2_(9:30-11:45),Gamma 203.,TamNP4,SE18C01,Present,
DE190340,Summer2024,Database Systems,DBI202,12,Saturday 15/06/2024,1_(7:00-9:15),Gamma 212.,TamNP4,SE18C01,Present,
DE190340,Summer2024,Database Systems,DBI202,13,Tuesday 18/06/2024,1_(7:00-9:15),Gamma 207.,TamNP4,SE18C01,Absent,
DE190340,Summer2024,Database Systems,DBI202,14,Thursday 20/06/2024,2_(9:30-11:45),Gamma 203.,TamNP4,SE18C01,Present,
DE190340,Summer2024,Database Systems,DBI202,15,Tuesday 25/06/2024,1_(7:00-9:15),Gamma 207.,TamNP4,SE18C01,Present,
DE190340,Summer2024,Database Systems,DBI202,16,Thursday 27/06/2024,2_(9:30-11:45),Gamma 203.,TamNP4,SE18C01,Present,
DE190340,Summer2024,Database Systems,DBI202,17,Tuesday 09/07/2024,1_(7:00-9:15),Gamma 207.,TamNP4,SE18C01,Absent,
DE190340,Summer2024,Database Systems,DBI202,18,Thursday 11/07/2024,2_(9:30-11:45),Gamma 203.,TamNP4,SE18C01,Present,
DE190340,Summer2024,Database Systems,DBI202,19,Tuesday 16/07/2024,1_(7:00-9:15),Gamma 207.,TamNP4,SE18C01,Present,
DE190340,Summer2024,Database Systems,DBI202,20,Thursday 18/07/2024,2_(9:30-11:45),Gamma 203.,TamNP4,SE18C01,Present,
DE190340,Summer2024,Data Structures and Algorithm with Python,CSD203,1,Tuesday 07/05/2024,3_(12:30-14:45),Gamma 407.,VuBC,AI18D02,Present,
DE190340,Summer2024,Data Structures and Algorithm with Python,CSD203,2,Thursday 09/05/2024,4_(15:00-17:15),Gamma 407.,VuBC,AI18D02,Present,
DE190340,Summer2024,Data Structures and Algorithm with Python,CSD203,3,Tuesday 14/05/2024,3_(12:30-14:45),Gamma 407.,VuBC,AI18D02,Present,
DE190340,Summer2024,Data Structures and Algorithm with Python,CSD203,4,Thursday 16/05/2024,4_(15:00-17:15),Gamma 407.,VuBC,AI18D02,Present,
DE190340,Summer2024,Data Structures and Algorithm with Python,CSD203,5,Tuesday 21/05/2024,3_(12:30-14:45),Gamma 407.,VuBC,AI18D02,Present,
DE190340,Summer2024,Data Structures and Algorithm with Python,CSD203,6,Thursday 23/05/2024,4_(15:00-17:15),Gamma 407.,VuBC,AI18D02,Present,
DE190340,Summer2024,Data Structures and Algorithm with Python,CSD203,7,Tuesday 28/05/2024,3_(12:30-14:45),Gamma 407.,VuBC,AI18D02,Present,
DE190340,Summer2024,Data Structures and Algorithm with Python,CSD203,8,Thursday 30/05/2024,4_(15:00-17:15),Gamma 407.,VuBC,AI18D02,Present,
DE190340,Summer2024,Data Structures and Algorithm with Python,CSD203,9,Tuesday 04/06/2024,3_(12:30-14:45),Gamma 407.,VuBC,AI18D02,Present,
DE190340,Summer2024,Data Structures and Algorithm with Python,CSD203,10,Thursday 06/06/2024,4_(15:00-17:15),Gamma 407.,VuBC,AI18D02,Present,
DE190340,Summer2024,Data Structures and Algorithm with Python,CSD203,11,Tuesday 11/06/2024,3_(12:30-14:45),Gamma 407.,VuBC,AI18D02,Present,
DE190340,Summer2024,Data Structures and Algorithm with Python,CSD203,12,Thursday 13/06/2024,4_(15:00-17:15),Gamma 407.,VuBC,AI18D02,Present,
DE190340,Summer2024,Data Structures and Algorithm with Python,CSD203,13,Tuesday 18/06/2024,3_(12:30-14:45),Gamma 407.,VuBC,AI18D02,Present,
DE190340,Summer2024,Data Structures and Algorithm with Python,CSD203,14,Thursday 20/06/2024,4_(15:00-17:15),Gamma 407.,VuBC,AI18D02,Present,
DE190340,Summer2024,Data Structures and Algorithm with Python,CSD203,15,Tuesday 25/06/2024,3_(12:30-14:45),Gamma 407.,VuBC,AI18D02,Present,
DE190340,Summer2024,Data Structures and Algorithm with Python,CSD203,16,Thursday 27/06/2024,4_(15:00-17:15),Gamma 407.,VuBC,AI18D02,Present,
DE190340,Summer2024,Data Structures and Algorithm with Python,CSD203,17,Tuesday 09/07/2024,3_(12:30-14:45),Gamma 407.,VuBC,AI18D02,Present,
DE190340,Summer2024,Data Structures and Algorithm with Python,CSD203,18,Thursday 11/07/2024,4_(15:00-17:15),Gamma 407.,VuBC,AI18D02,Present,
DE190340,Summer2024,Data Structures and Algorithm with Python,CSD203,19,Tuesday 16/07/2024,3_(12:30-14:45),Gamma 407.,VuBC,AI18D02,Present,
DE190340,Summer2024,Data Structures and Algorithm with Python,CSD203,20,Thursday 18/07/2024,4_(15:00-17:15),Gamma 407.,VuBC,AI18D02,Present,
DE190340,Fall2024,Ethics in IT,ITE303c,1,Wednesday 04/09/2024,8_(19:30-21:00),Gamma 117,VuBC,ITE303C_2,Present,
DE190340,Fall2024,Ethics in IT,ITE303c,2,Wednesday 18/09/2024,8_(19:30-21:00),Gamma 117,VuBC,ITE303C_2,Present,
DE190340,Fall2024,Ethics in IT,ITE303c,3,Wednesday 09/10/2024,8_(19:30-21:00),Gamma 117,VuBC,ITE303C_2,Absent,
DE190340,Fall2024,Ethics in IT,ITE303c,4,Wednesday 30/10/2024,8_(19:30-21:00),Gamma 117,VuBC,ITE303C_2,Present,
DE190340,Fall2024,Ethics in IT,ITE303c,5,Wednesday 20/11/2024,8_(19:30-21:00),Gamma 117,VuBC,ITE303C_2,Present,
DE190340,Fall2024,Advanced mathematics,MAI391,1,Wednesday 04/09/2024,3_(12:30-14:45),Gamma 311.,tanttq,AI18D02,Present,
DE190340,Fall2024,Advanced mathematics,MAI391,2,Friday 06/09/2024,4_(15:00-17:15),Gamma 311.,tanttq,AI18D02,Present,
DE190340,Fall2024,Advanced mathematics,MAI391,3,Wednesday 11/09/2024,3_(12:30-14:45),Gamma 311.,tanttq,AI18D02,Present,
DE190340,Fall2024,Advanced mathematics,MAI391,4,Friday 13/09/2024,4_(15:00-17:15),Gamma 311.,tanttq,AI18D02,Present,
DE190340,Fall2024,Advanced mathematics,MAI391,5,Wednesday 18/09/2024,3_(12:30-14:45),Gamma 311.,tanttq,AI18D02,Present,
DE190340,Fall2024,Advanced mathematics,MAI391,6,Friday 20/09/2024,4_(15:00-17:15),Gamma 311.,tanttq,AI18D02,Present,
DE190340,Fall2024,Advanced mathematics,MAI391,7,Wednesday 25/09/2024,3_(12:30-14:45),Gamma 311.,tanttq,AI18D02,Present,
DE190340,Fall2024,Advanced mathematics,MAI391,8,Friday 27/09/2024,4_(15:00-17:15),Gamma 311.,tanttq,AI18D02,Present,
DE190340,Fall2024,Advanced mathematics,MAI391,9,Wednesday 02/10/2024,3_(12:30-14:45),Gamma 311.,tanttq,AI18D02,Present,
DE190340,Fall2024,Advanced mathematics,MAI391,10,Friday 04/10/2024,4_(15:00-17:15),Gamma 311.,tanttq,AI18D02,Present,
DE190340,Fall2024,Advanced mathematics,MAI391,11,Wednesday 09/10/2024,3_(12:30-14:45),Gamma 311.,tanttq,AI18D02,Present,
DE190340,Fall2024,Advanced mathematics,MAI391,12,Friday 11/10/2024,4_(15:00-17:15),Gamma 311.,tanttq,AI18D02,Present,
DE190340,Fall2024,Advanced mathematics,MAI391,13,Wednesday 16/10/2024,3_(12:30-14:45),Gamma 311.,tanttq,AI18D02,Present,
DE190340,Fall2024,Advanced mathematics,MAI391,14,Friday 18/10/2024,4_(15:00-17:15),Gamma 311.,tanttq,AI18D02,Present,
DE190340,Fall2024,Advanced mathematics,MAI391,15,Wednesday 23/10/2024,3_(12:30-14:45),Gamma 311.,tanttq,AI18D02,Present,
DE190340,Fall2024,Advanced mathematics,MAI391,16,Friday 25/10/2024,4_(15:00-17:15),Gamma 311.,tanttq,AI18D02,Present,
DE190340,Fall2024,Advanced mathematics,MAI391,17,Wednesday 30/10/2024,3_(12:30-14:45),Gamma 311.,tanttq,AI18D02,Present,
DE190340,Fall2024,Advanced mathematics,MAI391,18,Friday 01/11/2024,4_(15:00-17:15),Gamma 311.,tanttq,AI18D02,Present,
DE190340,Fall2024,Advanced mathematics,MAI391,19,Wednesday 06/11/2024,3_(12:30-14:45),Gamma 311.,tanttq,AI18D02,Present,
DE190340,Fall2024,Advanced mathematics,MAI391,20,Friday 08/11/2024,4_(15:00-17:15),Gamma 311.,tanttq,AI18D02,Present,
DE190340,Fall2024,Statistics & Probability,MAS291,1,Wednesday 04/09/2024,4_(15:00-17:15),Gamma 311.,trangtt106,AI18D02,Present,
DE190340,Fall2024,Statistics & Probability,MAS291,2,Friday 06/09/2024,3_(12:30-14:45),Gamma 311.,trangtt106,AI18D02,Present,
DE190340,Fall2024,Statistics & Probability,MAS291,3,Wednesday 11/09/2024,4_(15:00-17:15),Gamma 311.,trangtt106,AI18D02,Present,
DE190340,Fall2024,Statistics & Probability,MAS291,4,Friday 13/09/2024,3_(12:30-14:45),Gamma 311.,trangtt106,AI18D02,Present,
DE190340,Fall2024,Statistics & Probability,MAS291,5,Wednesday 18/09/2024,4_(15:00-17:15),Gamma 311.,trangtt106,AI18D02,Present,
DE190340,Fall2024,Statistics & Probability,MAS291,6,Friday 20/09/2024,3_(12:30-14:45),Gamma 311.,trangtt106,AI18D02,Present,
DE190340,Fall2024,Statistics & Probability,MAS291,7,Wednesday 25/09/2024,4_(15:00-17:15),Gamma 311.,trangtt106,AI18D02,Present,
DE190340,Fall2024,Statistics & Probability,MAS291,8,Friday 27/09/2024,3_(12:30-14:45),Gamma 311.,trangtt106,AI18D02,Present,
DE190340,Fall2024,Statistics & Probability,MAS291,9,Wednesday 02/10/2024,4_(15:00-17:15),Gamma 311.,trangtt106,AI18D02,Present,
DE190340,Fall2024,Statistics & Probability,MAS291,10,Friday 04/10/2024,3_(12:30-14:45),Gamma 311.,trangtt106,AI18D02,Present,
DE190340,Fall2024,Statistics & Probability,MAS291,11,Wednesday 09/10/2024,4_(15:00-17:15),Gamma 311.,trangtt106,AI18D02,Present,
DE190340,Fall2024,Statistics & Probability,MAS291,12,Friday 11/10/2024,3_(12:30-14:45),Gamma 311.,trangtt106,AI18D02,Present,
DE190340,Fall2024,Statistics & Probability,MAS291,13,Wednesday 16/10/2024,4_(15:00-17:15),Gamma 311.,trangtt106,AI18D02,Present,
DE190340,Fall2024,Statistics & Probability,MAS291,14,Friday 18/10/2024,3_(12:30-14:45),Gamma 311.,trangtt106,AI18D02,Present,
DE190340,Fall2024,Statistics & Probability,MAS291,15,Wednesday 23/10/2024,4_(15:00-17:15),Gamma 311.,trangtt106,AI18D02,Present,
DE190340,Fall2024,Statistics & Probability,MAS291,16,Friday 25/10/2024,3_(12:30-14:45),Gamma 311.,trangtt106,AI18D02,Present,
DE190340,Fall2024,Statistics & Probability,MAS291,17,Wednesday 30/10/2024,4_(15:00-17:15),Gamma 311.,trangtt106,AI18D02,Present,
DE190340,Fall2024,Statistics & Probability,MAS291,18,Friday 01/11/2024,3_(12:30-14:45),Gamma 311.,trangtt106,AI18D02,Present,
DE190340,Fall2024,Statistics & Probability,MAS291,19,Wednesday 06/11/2024,4_(15:00-17:15),Gamma 311.,trangtt106,AI18D02,Present,
DE190340,Fall2024,Statistics & Probability,MAS291,20,Friday 08/11/2024,3_(12:30-14:45),Gamma 311.,trangtt106,AI18D02,Present,
DE190340,Fall2024,"AI, DS with Python & SQL",ADY201m,1,Thursday 05/09/2024,4_(15:00-17:15),Gamma 311.,VuBC,AI18D02,Absent,
DE190340,Fall2024,"AI, DS with Python & SQL",ADY201m,2,Monday 09/09/2024,3_(12:30-14:45),Gamma 410.,VuBC,AI18D02,Present,
DE190340,Fall2024,"AI, DS with Python & SQL",ADY201m,3,Tuesday 10/09/2024,3_(12:30-14:45),Gamma 311.,VuBC,AI18D02,Present,
DE190340,Fall2024,"AI, DS with Python & SQL",ADY201m,4,Tuesday 17/09/2024,3_(12:30-14:45),Gamma 311.,VuBC,AI18D02,Present,
DE190340,Fall2024,"AI, DS with Python & SQL",ADY201m,5,Thursday 19/09/2024,4_(15:00-17:15),Gamma 311.,VuBC,AI18D02,Present,
DE190340,Fall2024,"AI, DS with Python & SQL",ADY201m,6,Saturday 21/09/2024,3_(12:30-14:45),Gamma 201.,VuBC,AI18D02,Present,
DE190340,Fall2024,"AI, DS with Python & SQL",ADY201m,7,Tuesday 24/09/2024,3_(12:30-14:45),Gamma 311.,VuBC,AI18D02,Present,
DE190340,Fall2024,"AI, DS with Python & SQL",ADY201m,8,Thursday 26/09/2024,4_(15:00-17:15),Gamma 311.,VuBC,AI18D02,Present,
DE190340,Fall2024,"AI, DS with Python & SQL",ADY201m,9,Tuesday 01/10/2024,3_(12:30-14:45),Gamma 311.,VuBC,AI18D02,Present,
DE190340,Fall2024,"AI, DS with Python & SQL",ADY201m,10,Thursday 03/10/2024,4_(15:00-17:15),Gamma 311.,VuBC,AI18D02,Present,
DE190340,Fall2024,"AI, DS with Python & SQL",ADY201m,11,Tuesday 08/10/2024,3_(12:30-14:45),Gamma 311.,VuBC,AI18D02,Present,
DE190340,Fall2024,"AI, DS with Python & SQL",ADY201m,12,Thursday 10/10/2024,4_(15:00-17:15),Gamma 311.,VuBC,AI18D02,Present,
DE190340,Fall2024,"AI, DS with Python & SQL",ADY201m,13,Tuesday 15/10/2024,3_(12:30-14:45),Gamma 311.,VuBC,AI18D02,Present,
DE190340,Fall2024,"AI, DS with Python & SQL",ADY201m,14,Thursday 17/10/2024,4_(15:00-17:15),Gamma 311.,VuBC,AI18D02,Present,
DE190340,Fall2024,"AI, DS with Python & SQL",ADY201m,15,Tuesday 22/10/2024,3_(12:30-14:45),Gamma 311.,VuBC,AI18D02,Present,
DE190340,Fall2024,"AI, DS with Python & SQL",ADY201m,16,Thursday 24/10/2024,4_(15:00-17:15),Gamma 311.,VuBC,AI18D02,Present,
DE190340,Fall2024,"AI, DS with Python & SQL",ADY201m,17,Tuesday 29/10/2024,3_(12:30-14:45),Gamma 311.,VuBC,AI18D02,Present,
DE190340,Fall2024,"AI, DS with Python & SQL",ADY201m,18,Thursday 31/10/2024,4_(15:00-17:15),Gamma 311.,VuBC,AI18D02,Present,
DE190340,Fall2024,"AI, DS with Python & SQL",ADY201m,19,Tuesday 05/11/2024,3_(12:30-14:45),Gamma 311.,VuBC,AI18D02,Present,
DE190340,Fall2024,"AI, DS with Python & SQL",ADY201m,20,Thursday 07/11/2024,4_(15:00-17:15),Gamma 311.,VuBC,AI18D02,Present,
DE190340,Fall2024,Elementary Japanese 1-A1.1,JPD113,1,Friday 06/09/2024,2_(9:30-11:45),Gamma 203.,thuydt63,GD18D01,Present,
DE190340,Fall2024,Elementary Japanese 1-A1.1,JPD113,2,Tuesday 10/09/2024,1_(7:00-9:15),Gamma 203.,thuydt63,GD18D01,Present,
DE190340,Fall2024,Elementary Japanese 1-A1.1,JPD113,3,Friday 13/09/2024,2_(9:30-11:45),Gamma 203.,thuydt63,GD18D01,Present,
DE190340,Fall2024,Elementary Japanese 1-A1.1,JPD113,4,Saturday 14/09/2024,1_(7:00-9:15),Gamma 203.,thuydt63,GD18D01,Present,
DE190340,Fall2024,Elementary Japanese 1-A1.1,JPD113,5,Tuesday 17/09/2024,1_(7:00-9:15),Gamma 203.,thuydt63,GD18D01,Present,
DE190340,Fall2024,Elementary Japanese 1-A1.1,JPD113,6,Friday 20/09/2024,2_(9:30-11:45),Gamma 203.,thuydt63,GD18D01,Present,
DE190340,Fall2024,Elementary Japanese 1-A1.1,JPD113,7,Tuesday 24/09/2024,1_(7:00-9:15),Gamma 203.,thuydt63,GD18D01,Present,
DE190340,Fall2024,Elementary Japanese 1-A1.1,JPD113,8,Friday 27/09/2024,2_(9:30-11:45),Gamma 203.,thuydt63,GD18D01,Present,
DE190340,Fall2024,Elementary Japanese 1-A1.1,JPD113,9,Tuesday 01/10/2024,1_(7:00-9:15),Gamma 203.,thuydt63,GD18D01,Present,
DE190340,Fall2024,Elementary Japanese 1-A1.1,JPD113,10,Friday 04/10/2024,2_(9:30-11:45),Gamma 203.,thuydt63,GD18D01,Present,
DE190340,Fall2024,Elementary Japanese 1-A1.1,JPD113,11,Tuesday 08/10/2024,1_(7:00-9:15),Gamma 203.,thuydt63,GD18D01,Present,
DE190340,Fall2024,Elementary Japanese 1-A1.1,JPD113,12,Friday 11/10/2024,2_(9:30-11:45),Gamma 203.,thuydt63,GD18D01,Present,
DE190340,Fall2024,Elementary Japanese 1-A1.1,JPD113,13,Tuesday 15/10/2024,1_(7:00-9:15),Gamma 203.,thuydt63,GD18D01,Present,
DE190340,Fall2024,Elementary Japanese 1-A1.1,JPD113,14,Friday 18/10/2024,2_(9:30-11:45),Gamma 203.,thuydt63,GD18D01,Present,
DE190340,Fall2024,Elementary Japanese 1-A1.1,JPD113,15,Tuesday 22/10/2024,1_(7:00-9:15),Gamma 203.,thuydt63,GD18D01,Present,
DE190340,Fall2024,Elementary Japanese 1-A1.1,JPD113,16,Friday 25/10/2024,2_(9:30-11:45),Gamma 203.,thuydt63,GD18D01,Present,
DE190340,Fall2024,Elementary Japanese 1-A1.1,JPD113,17,Tuesday 29/10/2024,1_(7:00-9:15),Gamma 203.,thuydt63,GD18D01,Absent,
DE190340,Fall2024,Elementary Japanese 1-A1.1,JPD113,18,Friday 01/11/2024,2_(9:30-11:45),Gamma 203.,thuydt63,GD18D01,Present,
DE190340,Fall2024,Elementary Japanese 1-A1.1,JPD113,19,Tuesday 05/11/2024,1_(7:00-9:15),Gamma 203.,thuydt63,GD18D01,Present,
DE190340,Fall2024,Elementary Japanese 1-A1.1,JPD113,20,Friday 08/11/2024,2_(9:30-11:45),Gamma 203.,thuydt63,GD18D01,Present,
DE190340,Spring2025,Japanese Elementary 1-A1.2,JPD123,1,Monday 06/01/2025,1_(7:00-9:15),Gamma 302.,Linhtnm2,GD18D02,Present,
DE190340,Spring2025,Japanese Elementary 1-A1.2,JPD123,2,Wednesday 08/01/2025,2_(9:30-11:45),Gamma 219.,Linhtnm2,GD18D02,Present,
DE190340,Spring2025,Japanese Elementary 1-A1.2,JPD123,3,Monday 13/01/2025,1_(7:00-9:15),Gamma 302.,Linhtnm2,GD18D02,Present,
DE190340,Spring2025,Japanese Elementary 1-A1.2,JPD123,4,Wednesday 15/01/2025,2_(9:30-11:45),Gamma 219.,Linhtnm2,GD18D02,Present,
DE190340,Spring2025,Japanese Elementary 1-A1.2,JPD123,5,Monday 20/01/2025,1_(7:00-9:15),Gamma 302.,Linhtnm2,GD18D02,Present,
DE190340,Spring2025,Japanese Elementary 1-A1.2,JPD123,6,Wednesday 05/02/2025,2_(9:30-11:45),Gamma 219.,Linhtnm2,GD18D02,Present,
DE190340,Spring2025,Japanese Elementary 1-A1.2,JPD123,7,Monday 10/02/2025,1_(7:00-9:15),Gamma 302.,Linhtnm2,GD18D02,Present,
DE190340,Spring2025,Japanese Elementary 1-A1.2,JPD123,8,Wednesday 12/02/2025,2_(9:30-11:45),Gamma 219.,Linhtnm2,GD18D02,Absent,
DE190340,Spring2025,Japanese Elementary 1-A1.2,JPD123,9,Monday 17/02/2025,1_(7:00-9:15),Gamma 302.,Linhtnm2,GD18D02,Present,
DE190340,Spring2025,Japanese Elementary 1-A1.2,JPD123,10,Wednesday 19/02/2025,2_(9:30-11:45),Gamma 219.,Linhtnm2,GD18D02,Present,
DE190340,Spring2025,Japanese Elementary 1-A1.2,JPD123,11,Monday 24/02/2025,1_(7:00-9:15),Gamma 302.,Linhtnm2,GD18D02,Present,
DE190340,Spring2025,Japanese Elementary 1-A1.2,JPD123,12,Wednesday 26/02/2025,2_(9:30-11:45),Gamma 219.,Linhtnm2,GD18D02,Present,
DE190340,Spring2025,Japanese Elementary 1-A1.2,JPD123,13,Monday 03/03/2025,1_(7:00-9:15),Gamma 302.,Linhtnm2,GD18D02,Present,
DE190340,Spring2025,Japanese Elementary 1-A1.2,JPD123,14,Wednesday 05/03/2025,2_(9:30-11:45),Gamma 219.,Linhtnm2,GD18D02,Present,
DE190340,Spring2025,Japanese Elementary 1-A1.2,JPD123,15,Monday 10/03/2025,1_(7:00-9:15),Gamma 302.,Linhtnm2,GD18D02,Present,
DE190340,Spring2025,Japanese Elementary 1-A1.2,JPD123,16,Wednesday 12/03/2025,2_(9:30-11:45),Gamma 219.,Linhtnm2,GD18D02,Present,
DE190340,Spring2025,Japanese Elementary 1-A1.2,JPD123,17,Monday 17/03/2025,1_(7:00-9:15),Gamma 302.,Linhtnm2,GD18D02,Present,
DE190340,Spring2025,Japanese Elementary 1-A1.2,JPD123,18,Wednesday 19/03/2025,2_(9:30-11:45),Gamma 219.,Linhtnm2,GD18D02,Present,
DE190340,Spring2025,Japanese Elementary 1-A1.2,JPD123,19,Monday 24/03/2025,1_(7:00-9:15),Gamma 302.,Linhtnm2,GD18D02,Absent,
DE190340,Spring2025,Japanese Elementary 1-A1.2,JPD123,20,Wednesday 26/03/2025,2_(9:30-11:45),Gamma 219.,Linhtnm2,GD18D02,Present,
DE190340,Spring2025,Machine Learning,AIL303m,1,Monday 06/01/2025,3_(12:30-14:45),Gamma 304.,HongPTT11,AI18D02,Present,
DE190340,Spring2025,Machine Learning,AIL303m,2,Thursday 09/01/2025,4_(15:00-17:15),Gamma 304.,HongPTT11,AI18D02,Present,
DE190340,Spring2025,Machine Learning,AIL303m,3,Monday 13/01/2025,3_(12:30-14:45),Gamma 304.,HongPTT11,AI18D02,Present,
DE190340,Spring2025,Machine Learning,AIL303m,4,Thursday 16/01/2025,4_(15:00-17:15),Gamma 220.,HongPTT11,AI18D02,Present,
DE190340,Spring2025,Machine Learning,AIL303m,5,Monday 20/01/2025,3_(12:30-14:45),Gamma 401.,HongPTT11,AI18D02,Absent,
DE190340,Spring2025,Machine Learning,AIL303m,6,Thursday 06/02/2025,4_(15:00-17:15),Gamma 304.,HongPTT11,AI18D02,Present,
DE190340,Spring2025,Machine Learning,AIL303m,7,Monday 10/02/2025,3_(12:30-14:45),Gamma 304.,HongPTT11,AI18D02,Present,
DE190340,Spring2025,Machine Learning,AIL303m,8,Thursday 13/02/2025,4_(15:00-17:15),Gamma 304.,HongPTT11,AI18D02,Present,
DE190340,Spring2025,Machine Learning,AIL303m,9,Monday 17/02/2025,3_(12:30-14:45),Gamma 304.,HongPTT11,AI18D02,Present,
DE190340,Spring2025,Machine Learning,AIL303m,10,Thursday 20/02/2025,4_(15:00-17:15),Gamma 304.,HongPTT11,AI18D02,Present,
DE190340,Spring2025,Machine Learning,AIL303m,11,Monday 24/02/2025,3_(12:30-14:45),Gamma 304.,HongPTT11,AI18D02,Present,
DE190340,Spring2025,Machine Learning,AIL303m,12,Thursday 27/02/2025,4_(15:00-17:15),Gamma 304.,HongPTT11,AI18D02,Present,
DE190340,Spring2025,Machine Learning,AIL303m,13,Monday 03/03/2025,3_(12:30-14:45),Gamma 304.,HongPTT11,AI18D02,Present,
DE190340,Spring2025,Machine Learning,AIL303m,14,Thursday 06/03/2025,4_(15:00-17:15),Gamma 304.,HongPTT11,AI18D02,Absent,
DE190340,Spring2025,Machine Learning,AIL303m,15,Monday 10/03/2025,3_(12:30-14:45),Gamma 304.,HongPTT11,AI18D02,Present,
DE190340,Spring2025,Machine Learning,AIL303m,16,Thursday 13/03/2025,4_(15:00-17:15),Gamma 304.,HongPTT11,AI18D02,Present,
DE190340,Spring2025,Machine Learning,AIL303m,17,Monday 17/03/2025,3_(12:30-14:45),Gamma 304.,HongPTT11,AI18D02,Present,
DE190340,Spring2025,Machine Learning,AIL303m,18,Thursday 20/03/2025,4_(15:00-17:15),Gamma 304.,HongPTT11,AI18D02,Present,
DE190340,Spring2025,Machine Learning,AIL303m,19,Monday 24/03/2025,3_(12:30-14:45),Gamma 304.,HongPTT11,AI18D02,Present,
DE190340,Spring2025,Machine Learning,AIL303m,20,Thursday 27/03/2025,4_(15:00-17:15),Gamma 304.,HongPTT11,AI18D02,Present,
DE190340,Spring2025,Computer Vision,CPV301,1,Monday 06/01/2025,4_(15:00-17:15),Gamma 304.,VuBC,AI18D02,Present,
DE190340,Spring2025,Computer Vision,CPV301,2,Thursday 09/01/2025,3_(12:30-14:45),Gamma 304.,VuBC,AI18D02,Present,
DE190340,Spring2025,Computer Vision,CPV301,3,Monday 13/01/2025,4_(15:00-17:15),Gamma 304.,VuBC,AI18D02,Present,
DE190340,Spring2025,Computer Vision,CPV301,4,Thursday 16/01/2025,3_(12:30-14:45),Gamma 401.,VuBC,AI18D02,Present,
DE190340,Spring2025,Computer Vision,CPV301,5,Monday 20/01/2025,4_(15:00-17:15),Gamma 401.,VuBC,AI18D02,Present,
DE190340,Spring2025,Computer Vision,CPV301,6,Thursday 06/02/2025,3_(12:30-14:45),Gamma 304.,VuBC,AI18D02,Present,
DE190340,Spring2025,Computer Vision,CPV301,7,Monday 10/02/2025,4_(15:00-17:15),Gamma 304.,VuBC,AI18D02,Present,
DE190340,Spring2025,Computer Vision,CPV301,8,Thursday 13/02/2025,3_(12:30-14:45),Gamma 304.,VuBC,AI18D02,Absent,
DE190340,Spring2025,Computer Vision,CPV301,9,Monday 17/02/2025,4_(15:00-17:15),Gamma 304.,VuBC,AI18D02,Present,
DE190340,Spring2025,Computer Vision,CPV301,10,Thursday 20/02/2025,3_(12:30-14:45),Gamma 304.,VuBC,AI18D02,Present,
DE190340,Spring2025,Computer Vision,CPV301,11,Monday 24/02/2025,4_(15:00-17:15),Gamma 304.,VuBC,AI18D02,Present,
DE190340,Spring2025,Computer Vision,CPV301,12,Saturday 01/03/2025,3_(12:30-14:45),Gamma 206.,VuBC,AI18D02,Present,
DE190340,Spring2025,Computer Vision,CPV301,13,Monday 03/03/2025,4_(15:00-17:15),Gamma 304.,VuBC,AI18D02,Present,
DE190340,Spring2025,Computer Vision,CPV301,14,Thursday 06/03/2025,3_(12:30-14:45),Gamma 304.,VuBC,AI18D02,Present,
DE190340,Spring2025,Computer Vision,CPV301,15,Monday 10/03/2025,4_(15:00-17:15),Gamma 304.,VuBC,AI18D02,Present,
DE190340,Spring2025,Computer Vision,CPV301,16,Thursday 13/03/2025,3_(12:30-14:45),Gamma 304.,VuBC,AI18D02,Present,
DE190340,Spring2025,Computer Vision,CPV301,17,Monday 17/03/2025,4_(15:00-17:15),Gamma 304.,VuBC,AI18D02,Present,
DE190340,Spring2025,Computer Vision,CPV301,18,Thursday 20/03/2025,3_(12:30-14:45),Gamma 304.,VuBC,AI18D02,Present,
DE190340,Spring2025,Computer Vision,CPV301,19,Monday 24/03/2025,4_(15:00-17:15),Gamma 304.,VuBC,AI18D02,Present,
DE190340,Spring2025,Computer Vision,CPV301,20,Thursday 27/03/2025,3_(12:30-14:45),Gamma 304.,VuBC,AI18D02,Present,
DE190340,Spring2025,AI-DS Project,DAP391m,1,Wednesday 08/01/2025,3_(12:30-14:45),Gamma 302.,VuongNL3,AI18D02,Present,
DE190340,Spring2025,AI-DS Project,DAP391m,2,Friday 10/01/2025,4_(15:00-17:15),Gamma 302.,VuongNL3,AI18D02,Present,
DE190340,Spring2025,AI-DS Project,DAP391m,3,Wednesday 15/01/2025,3_(12:30-14:45),Gamma 302.,VuongNL3,AI18D02,Present,
DE190340,Spring2025,AI-DS Project,DAP391m,4,Friday 17/01/2025,4_(15:00-17:15),Gamma 302.,VuongNL3,AI18D02,Present,
DE190340,Spring2025,AI-DS Project,DAP391m,5,Wednesday 05/02/2025,3_(12:30-14:45),Gamma 302.,VuongNL3,AI18D02,Present,
DE190340,Spring2025,AI-DS Project,DAP391m,6,Friday 07/02/2025,4_(15:00-17:15),Gamma 302.,VuongNL3,AI18D02,Absent,
DE190340,Spring2025,AI-DS Project,DAP391m,7,Wednesday 12/02/2025,3_(12:30-14:45),Gamma 302.,VuongNL3,AI18D02,Present,
DE190340,Spring2025,AI-DS Project,DAP391m,8,Friday 14/02/2025,4_(15:00-17:15),Gamma 302.,VuongNL3,AI18D02,Present,
DE190340,Spring2025,AI-DS Project,DAP391m,9,Wednesday 19/02/2025,3_(12:30-14:45),Gamma 302.,VuongNL3,AI18D02,Present,
DE190340,Spring2025,AI-DS Project,DAP391m,10,Friday 21/02/2025,4_(15:00-17:15),Gamma 302.,VuongNL3,AI18D02,Absent,
DE190340,Spring2025,AI-DS Project,DAP391m,11,Wednesday 26/02/2025,3_(12:30-14:45),Gamma 302.,VuongNL3,AI18D02,Present,
DE190340,Spring2025,AI-DS Project,DAP391m,12,Friday 28/02/2025,4_(15:00-17:15),Gamma 302.,VuongNL3,AI18D02,Present,
DE190340,Spring2025,AI-DS Project,DAP391m,13,Wednesday 05/03/2025,3_(12:30-14:45),Gamma 302.,VuongNL3,AI18D02,Present,
DE190340,Spring2025,AI-DS Project,DAP391m,14,Friday 07/03/2025,4_(15:00-17:15),Gamma 302.,VuongNL3,AI18D02,Present,
DE190340,Spring2025,AI-DS Project,DAP391m,15,Wednesday 12/03/2025,3_(12:30-14:45),Gamma 302.,VuongNL3,AI18D02,Present,
DE190340,Spring2025,AI-DS Project,DAP391m,16,Friday 14/03/2025,4_(15:00-17:15),Gamma 302.,VuongNL3,AI18D02,Present,
DE190340,Spring2025,AI-DS Project,DAP391m,17,Wednesday 19/03/2025,3_(12:30-14:45),Gamma 302.,VuongNL3,AI18D02,Present,
DE190340,Spring2025,AI-DS Project,DAP391m,18,Friday 21/03/2025,4_(15:00-17:15),Gamma 302.,VuongNL3,AI18D02,Present,
DE190340,Spring2025,AI-DS Project,DAP391m,19,Wednesday 26/03/2025,3_(12:30-14:45),Gamma 302.,VuongNL3,AI18D02,Present,
DE190340,Spring2025,AI-DS Project,DAP391m,20,Friday 28/03/2025,4_(15:00-17:15),Gamma 302.,VuongNL3,AI18D02,Absent,
DE190340,Spring2025,Introduction to Software Engineering,SWE201c,1,Tuesday 14/01/2025,8_(19:30-21:00),Gamma 413,TraLTB,SWE201c_10,Present,
DE190340,Spring2025,Introduction to Software Engineering,SWE201c,2,Tuesday 11/02/2025,8_(19:30-21:00),Gamma 413,TraLTB,SWE201c_10,Present,
DE190340,Spring2025,Introduction to Software Engineering,SWE201c,3,Tuesday 25/02/2025,8_(19:30-21:00),Gamma 413,TraLTB,SWE201c_10,Present,
DE190340,Spring2025,Introduction to Software Engineering,SWE201c,4,Tuesday 11/03/2025,8_(19:30-21:00),Gamma 413,TraLTB,SWE201c_10,Present,
DE190340,Spring2025,Introduction to Software Engineering,SWE201c,5,Tuesday 08/04/2025,8_(19:30-21:00),Gamma 413,TraLTB,SWE201c_10,Present,
DE190340,Summer2025,Text Mining,TMG301,1,Monday 12/05/2025,3_(12:30-14:45),Alpha 206.,VuongNL3,AI18D01,Present,
DE190340,Summer2025,Text Mining,TMG301,2,Thursday 15/05/2025,4_(15:00-17:15),Alpha 206.,VuongNL3,AI18D01,Present,
DE190340,Summer2025,Text Mining,TMG301,3,Monday 19/05/2025,3_(12:30-14:45),Alpha 206.,VuongNL3,AI18D01,Present,
DE190340,Summer2025,Text Mining,TMG301,4,Thursday 22/05/2025,4_(15:00-17:15),Alpha 206.,VuongNL3,AI18D01,Present,
DE190340,Summer2025,Text Mining,TMG301,5,Monday 26/05/2025,3_(12:30-14:45),Alpha 206.,VuongNL3,AI18D01,Present,
DE190340,Summer2025,Text Mining,TMG301,6,Thursday 29/05/2025,4_(15:00-17:15),Alpha 206.,VuongNL3,AI18D01,Present,
DE190340,Summer2025,Text Mining,TMG301,7,Thursday 05/06/2025,4_(15:00-17:15),Alpha 206.,VuongNL3,AI18D01,Present,
DE190340,Summer2025,Text Mining,TMG301,8,Saturday 07/06/2025,4_(15:00-17:15),Alpha 206.,VuongNL3,AI18D01,Present,
DE190340,Summer2025,Text Mining,TMG301,9,Monday 09/06/2025,3_(12:30-14:45),Alpha 206.,VuongNL3,AI18D01,Future,
DE190340,Summer2025,Text Mining,TMG301,10,Thursday 12/06/2025,4_(15:00-17:15),Alpha 206.,VuongNL3,AI18D01,Future,
DE190340,Summer2025,Text Mining,TMG301,11,Monday 16/06/2025,3_(12:30-14:45),Alpha 206.,VuongNL3,AI18D01,Future,
DE190340,Summer2025,Text Mining,TMG301,12,Thursday 19/06/2025,4_(15:00-17:15),Alpha 206.,VuongNL3,AI18D01,Future,
DE190340,Summer2025,Text Mining,TMG301,13,Monday 23/06/2025,3_(12:30-14:45),Alpha 206.,VuongNL3,AI18D01,Future,
DE190340,Summer2025,Text Mining,TMG301,14,Thursday 26/06/2025,4_(15:00-17:15),Alpha 206.,VuongNL3,AI18D01,Future,
DE190340,Summer2025,Text Mining,TMG301,15,Monday 30/06/2025,3_(12:30-14:45),Alpha 206.,VuongNL3,AI18D01,Future,
DE190340,Summer2025,Text Mining,TMG301,16,Thursday 03/07/2025,4_(15:00-17:15),Alpha 206.,VuongNL3,AI18D01,Future,
DE190340,Summer2025,Text Mining,TMG301,17,Monday 14/07/2025,3_(12:30-14:45),Alpha 206.,VuongNL3,AI18D01,Future,
DE190340,Summer2025,Text Mining,TMG301,18,Thursday 17/07/2025,4_(15:00-17:15),Alpha 206.,VuongNL3,AI18D01,Future,
DE190340,Summer2025,Text Mining,TMG301,19,Monday 21/07/2025,3_(12:30-14:45),Alpha 206.,VuongNL3,AI18D01,Future,
DE190340,Summer2025,Text Mining,TMG301,20,Thursday 24/07/2025,4_(15:00-17:15),Alpha 206.,VuongNL3,AI18D01,Future,
DE190340,Summer2025,Search Engines,SEG301,1,Monday 12/05/2025,4_(15:00-17:15),Alpha 206.,VuBC,AI18D01,Present,
DE190340,Summer2025,Search Engines,SEG301,2,Thursday 15/05/2025,3_(12:30-14:45),Alpha 206.,VuBC,AI18D01,Present,
DE190340,Summer2025,Search Engines,SEG301,3,Monday 19/05/2025,4_(15:00-17:15),Alpha 206.,VuBC,AI18D01,Present,
DE190340,Summer2025,Search Engines,SEG301,4,Thursday 22/05/2025,3_(12:30-14:45),Alpha 206.,VuBC,AI18D01,Present,
DE190340,Summer2025,Search Engines,SEG301,5,Monday 26/05/2025,4_(15:00-17:15),Alpha 206.,VuBC,AI18D01,Present,
DE190340,Summer2025,Search Engines,SEG301,6,Thursday 29/05/2025,3_(12:30-14:45),Alpha 206.,VuBC,AI18D01,Absent,
DE190340,Summer2025,Search Engines,SEG301,7,Monday 02/06/2025,4_(15:00-17:15),Alpha 206.,VuBC,AI18D01,Present,
DE190340,Summer2025,Search Engines,SEG301,8,Saturday 07/06/2025,3_(12:30-14:45),Alpha 206.,VuBC,AI18D01,Present,
DE190340,Summer2025,Search Engines,SEG301,9,Monday 09/06/2025,4_(15:00-17:15),Alpha 206.,VuBC,AI18D01,Future,
DE190340,Summer2025,Search Engines,SEG301,10,Thursday 12/06/2025,3_(12:30-14:45),Alpha 206.,VuBC,AI18D01,Future,
DE190340,Summer2025,Search Engines,SEG301,11,Monday 16/06/2025,4_(15:00-17:15),Alpha 206.,VuBC,AI18D01,Future,
DE190340,Summer2025,Search Engines,SEG301,12,Thursday 19/06/2025,3_(12:30-14:45),Alpha 206.,VuBC,AI18D01,Future,
DE190340,Summer2025,Search Engines,SEG301,13,Monday 23/06/2025,4_(15:00-17:15),Alpha 206.,VuBC,AI18D01,Future,
DE190340,Summer2025,Search Engines,SEG301,14,Thursday 26/06/2025,3_(12:30-14:45),Alpha 206.,VuBC,AI18D01,Future,
DE190340,Summer2025,Search Engines,SEG301,15,Monday 30/06/2025,4_(15:00-17:15),Alpha 206.,VuBC,AI18D01,Future,
DE190340,Summer2025,Search Engines,SEG301,16,Thursday 03/07/2025,3_(12:30-14:45),Alpha 206.,VuBC,AI18D01,Future,
DE190340,Summer2025,Search Engines,SEG301,17,Monday 14/07/2025,4_(15:00-17:15),Alpha 206.,VuBC,AI18D01,Future,
DE190340,Summer2025,Search Engines,SEG301,18,Thursday 17/07/2025,3_(12:30-14:45),Alpha 206.,VuBC,AI18D01,Future,
DE190340,Summer2025,Search Engines,SEG301,19,Monday 21/07/2025,4_(15:00-17:15),Alpha 206.,VuBC,AI18D01,Future,
DE190340,Summer2025,Search Engines,SEG301,20,Thursday 24/07/2025,3_(12:30-14:45),Alpha 206.,VuBC,AI18D01,Future,
DE190340,Summer2025,Deep Learning,DPL302m,1,Tuesday 13/05/2025,1_(7:00-9:15),Gamma 101.,HongPTT11,AI18D02,Present,Be added to class late
DE190340,Summer2025,Deep Learning,DPL302m,2,Tuesday 13/05/2025,2_(9:30-11:45),Gamma 101.,HongPTT11,AI18D02,Present,Be added to class late
DE190340,Summer2025,Deep Learning,DPL302m,3,Friday 16/05/2025,1_(7:00-9:15),Gamma 101.,HongPTT11,AI18D02,Present,
DE190340,Summer2025,Deep Learning,DPL302m,4,Friday 16/05/2025,2_(9:30-11:45),Gamma 101.,HongPTT11,AI18D02,Present,
DE190340,Summer2025,Deep Learning,DPL302m,5,Tuesday 20/05/2025,1_(7:00-9:15),Gamma 101.,HongPTT11,AI18D02,Present,
DE190340,Summer2025,Deep Learning,DPL302m,6,Tuesday 20/05/2025,2_(9:30-11:45),Gamma 101.,HongPTT11,AI18D02,Present,
DE190340,Summer2025,Deep Learning,DPL302m,7,Friday 23/05/2025,1_(7:00-9:15),Gamma 101.,HongPTT11,AI18D02,Present,
DE190340,Summer2025,Deep Learning,DPL302m,8,Friday 23/05/2025,2_(9:30-11:45),Gamma 101.,HongPTT11,AI18D02,Present,
DE190340,Summer2025,Deep Learning,DPL302m,9,Tuesday 27/05/2025,1_(7:00-9:15),Gamma 101.,HongPTT11,AI18D02,Present,
DE190340,Summer2025,Deep Learning,DPL302m,10,Tuesday 27/05/2025,2_(9:30-11:45),Gamma 101.,HongPTT11,AI18D02,Present,
DE190340,Summer2025,Deep Learning,DPL302m,11,Friday 30/05/2025,1_(7:00-9:15),Gamma 101.,HongPTT11,AI18D02,Absent,
DE190340,Summer2025,Deep Learning,DPL302m,12,Friday 30/05/2025,2_(9:30-11:45),Gamma 101.,HongPTT11,AI18D02,Present,
DE190340,Summer2025,Deep Learning,DPL302m,13,Tuesday 03/06/2025,1_(7:00-9:15),Gamma 101.,HongPTT11,AI18D02,Present,
DE190340,Summer2025,Deep Learning,DPL302m,14,Tuesday 03/06/2025,2_(9:30-11:45),Gamma 101.,HongPTT11,AI18D02,Present,
DE190340,Summer2025,Deep Learning,DPL302m,15,Friday 06/06/2025,1_(7:00-9:15),Gamma 101.,HongPTT11,AI18D02,Present,
DE190340,Summer2025,Deep Learning,DPL302m,16,Friday 06/06/2025,2_(9:30-11:45),Gamma 101.,HongPTT11,AI18D02,Present,
DE190340,Summer2025,Deep Learning,DPL302m,17,Tuesday 10/06/2025,1_(7:00-9:15),Gamma 101.,HongPTT11,AI18D02,Future,
DE190340,Summer2025,Deep Learning,DPL302m,18,Tuesday 10/06/2025,2_(9:30-11:45),Gamma 101.,HongPTT11,AI18D02,Future,
DE190340,Summer2025,Deep Learning,DPL302m,19,Friday 13/06/2025,1_(7:00-9:15),Gamma 101.,HongPTT11,AI18D02,Future,
DE190340,Summer2025,Deep Learning,DPL302m,20,Friday 13/06/2025,2_(9:30-11:45),Gamma 101.,HongPTT11,AI18D02,Future,
DE190340,Summer2025,Deep Learning,DPL302m,21,Tuesday 17/06/2025,1_(7:00-9:15),Gamma 101.,HongPTT11,AI18D02,Future,
DE190340,Summer2025,Deep Learning,DPL302m,22,Tuesday 17/06/2025,2_(9:30-11:45),Gamma 101.,HongPTT11,AI18D02,Future,
DE190340,Summer2025,Deep Learning,DPL302m,23,Friday 20/06/2025,1_(7:00-9:15),Gamma 101.,HongPTT11,AI18D02,Future,
DE190340,Summer2025,Deep Learning,DPL302m,24,Friday 20/06/2025,2_(9:30-11:45),Gamma 101.,HongPTT11,AI18D02,Future,
DE190340,Summer2025,Deep Learning,DPL302m,25,Tuesday 24/06/2025,1_(7:00-9:15),Gamma 101.,HongPTT11,AI18D02,Future,
DE190340,Summer2025,Deep Learning,DPL302m,26,Tuesday 24/06/2025,2_(9:30-11:45),Gamma 101.,HongPTT11,AI18D02,Future,
DE190340,Summer2025,Deep Learning,DPL302m,27,Friday 27/06/2025,1_(7:00-9:15),Gamma 101.,HongPTT11,AI18D02,Future,
DE190340,Summer2025,Deep Learning,DPL302m,28,Friday 27/06/2025,2_(9:30-11:45),Gamma 101.,HongPTT11,AI18D02,Future,
DE190340,Summer2025,Deep Learning,DPL302m,29,Tuesday 01/07/2025,1_(7:00-9:15),Gamma 101.,HongPTT11,AI18D02,Future,
DE190340,Summer2025,Deep Learning,DPL302m,30,Tuesday 01/07/2025,2_(9:30-11:45),Gamma 101.,HongPTT11,AI18D02,Future,
DE190340,Summer2025,Deep Learning,DPL302m,31,Friday 04/07/2025,1_(7:00-9:15),Gamma 101.,HongPTT11,AI18D02,Future,
DE190340,Summer2025,Deep Learning,DPL302m,32,Friday 04/07/2025,2_(9:30-11:45),Gamma 101.,HongPTT11,AI18D02,Future,
DE190340,Summer2025,Deep Learning,DPL302m,33,Tuesday 15/07/2025,1_(7:00-9:15),Gamma 101.,HongPTT11,AI18D02,Future,
DE190340,Summer2025,Deep Learning,DPL302m,34,Tuesday 15/07/2025,2_(9:30-11:45),Gamma 101.,HongPTT11,AI18D02,Future,
DE190340,Summer2025,Deep Learning,DPL302m,35,Friday 18/07/2025,1_(7:00-9:15),Gamma 101.,HongPTT11,AI18D02,Future,
DE190340,Summer2025,Deep Learning,DPL302m,36,Friday 18/07/2025,2_(9:30-11:45),Gamma 101.,HongPTT11,AI18D02,Future,
DE190340,Summer2025,Deep Learning,DPL302m,37,Tuesday 22/07/2025,1_(7:00-9:15),Gamma 101.,HongPTT11,AI18D02,Future,
DE190340,Summer2025,Deep Learning,DPL302m,38,Tuesday 22/07/2025,2_(9:30-11:45),Gamma 101.,HongPTT11,AI18D02,Future,
DE190340,Summer2025,Deep Learning,DPL302m,39,Friday 25/07/2025,1_(7:00-9:15),Gamma 101.,HongPTT11,AI18D02,Future,
DE190340,Summer2025,Deep Learning,DPL302m,40,Friday 25/07/2025,2_(9:30-11:45),Gamma 101.,HongPTT11,AI18D02,Future,
DE190340,Summer2025,Web Development with Python,DWP301c,1,Saturday 17/05/2025,7_(17:45-19:15),Gamma 106,LongNQ9,DWP301c_1,Present,
DE190340,Summer2025,Web Development with Python,DWP301c,2,Saturday 09/08/2025,7_(17:45-19:15),Gamma 106,LongNQ9,DWP301c_1,Future,
