SubjectCode,MaterialDescription,Author,Publisher,PublishedDate,Edition,ISBN,IsMainMaterial,IsHardCopy,IsOnline,Note
OTP101,Introductory documents aout FPT Group and FPT University,,,,,,,,,
OTP101,Hồi ký: Từ nhân dân mà ra,,,,,,,,,
OTP101,Hồi ký: Những điều đọng lại qua hai cuộc chiến tranh,,,,,,,,,
OTP101,Hồi ký: Tổng hành dinh,,,,,,,,,
VOV114,Sách giáo trình: Kỹ thuật Vovinam - Việt Võ ĐạoVovinam-Viet Vo Dao Techniques,,Nhà xuất bản thể dục thể thaoSports Publishing House,,,,,,,
COV111,Cờ vuaChess,Lương Trọng Minh,Nhà xuất bản Kim ĐồngKim Dong Publishing House,2011,,,,,,
COV111,Giáo án môn Cờ vuaChess textbook,,,,,,,,,
DTR103,"Sách học Đàn Tranh""Sách học Đàn Tranh""",Tác giả: Bích Vượng- Đinh Thị NộiAuthors: Bich Vuong - Dinh Thi Noi,Học viên Âm nhạc quốc gia VNVietnam National Academy of Music,N/A,,,,,,
DTR103,Bài tập luyện kỹ thuật đàn TranhExercises to practice techniques of Dan Tranh,,,,,,,,,
DTR103,Danh mục các bài nhạc có thể sử dụng trong học phần:1.Tam pháp nhập môn- Nhạc cổ miền Nam2. Xuân phong- Long hổ- Nhã nhạc cung đình Huế3. Lý cây bông- Dân ca Nam Bộ4. Lý cây đa- Dân ca quan họ Bắc Ninh5. Lý kéo chài- Dân ca Nam Bộ6. Đăng đàn cung- Nhã nhạc cung đình Huế7. Qua cầu gió bay- Dân ca quan họ Bắc Ninh8. Thằng Cuội- Lê Thương9. Ohnara- Ost phim Deajangum10. Giấc mơ trưa-Giáng Son11. Nhật kí của mẹ- Nguyễn Văn Chung12. Đồi hoa mặt trời-Nguyễn Văn Chung13. Con bướm Xuân-nhạc Hoa14. Đại Ngư-nhạc Hoa15. Yume To Hazakura- nhạc Nhật16. Fly away- Debelah Morgan17. Yến vô hiết- Nhạc Hoa18. Jingle Bells- James Pierpoint19. Happy birthday- Nhạc quốc tế20.Fly away- Nhạc quốc tế21. Hào khí Việt Nam (Holy Thắng)22. Gặp mẹ trong mơ- Nhạc Hoa,,,,,,,,,
DBA103,"Sách học Đàn Bầu""Sách học Đàn Bầu""","Tác giả Nguyễn Thanh Tâm, Trần Quốc LộcAuthors: Nguyen Thanh Tam, Tran Quoc Loc",Học viên Âm nhạc quốc gia VNVietnam National Academy of Music,N/A,,,,,,
DBA103,Bài tập luyện kỹ thuật đàn BầuExercises to practice techniques of Dan Bau,,,,,,,,,
DBA103,Danh mục các bài nhạc có thể sử dụng trong học phần:1. Bắc Kim Thang (Dân ca Nam Bộ)2. Inh lả ơi (Dân ca Thái)3. Xòe hoa (Dân ca Thái)4. Lý cây đa (Dân ca Bắc Bộ)5. Trống cơm (Dân ca Bắc Bộ)6. Đội kèn tí hon (Sáng tác: Phan Huỳnh Điểu)7. Auld lang syne (Dân ca Scotland)8. Chờ người nơi ấy (Sáng tác: Huy Tuấn)9. Độ ta không độ nàng (Nhạc Hoa)10. Futari No Kimochi (Nhạc Nhật)11. Thằng Cuội (Sáng tác: Lê Thương)12. Từ đó (Sáng tác: Phan Mạnh Quỳnh),,,,,,,,,
DSA103,"Sách học Sáo trúc""Sách học Sáo trúc""",Tác giả Lê PhổAuthors: Le Pho,Học viên Âm nhạc quốc gia VNVietnam National Academy of Music,N/A,,,,,,
DSA103,Bài Tập Kỹ Thuật Sáo TrúcExercises on techniques of Sao Truc,Lê Phổ,,,,,,,,
DSA103,Tự Học SáoLearn flute by yourself,Đức Tùy,,,,,,,,
DSA103,Tự Học Thổi Sáo Và Ngâm ThơLearn to play flute and compose poems by yourself,Tô Kiều Vân,,,,,,,,
DSA103,Danh mục các bài nhạc có thể sử dụng trong học phần:1. Inh Lả Ơi ( Dân ca Thái)2. Trống cơm ( Dân ca quan họ Bắc Ninh)3. Bèo dạt mây trôi Dân (ca quân họ Bắc Ninh)4. Xuân phong long hổ (Nhạc cung đìnhHuế)6. Lý qua đèo (Dân ca Bình - Trị - Thiên)7. Lý tình tang (Dân ca Bình - Trị - Thiên)8. Lý cái mơn (Dân ca miền Nam )9. Lý kéo chài ( Dân ca Nam bộ)10. Trống cơm ( dân ca QHBN)11. Lý cây đa ( Dân ca QHBN)12. Đi cấy ( Dân ca Thanh Hóa)13. Lý lu là ( Dân ca miền Nam )14. Lý cây bông ( Dân ca miền Nam)15.Tam pháp nhập môn ( Cải Lương Miền Nam)16. Scaborough fair ( Dân ca Anh)17. Silent night ( Nhạc nước ngoài)18. Futari no kimochi ( Nhạc Nhật)19. Nhật ký của mẹ ( Nguyễn Văn Chung)20. Từ đó ( Phan Mạnh Quỳnh)21. Nữ nhi tình (Nhạc Trung Quốc)22. Fly away23. Hào khí Việt Nam24. Gặp mẹ trong mơ ( nhạc Hoa)25. Aulang syne ( dân ca Scotland)26. Giấc mơ trưa ( Giáng Son),,,,,,,,,
DNG103,"Sách học Đàn Nguyệt""Sách học Đàn Nguyệt""",Tác giả Đặng Xuân KhảiAuthors: Dang Xuan Khai,Học viên Âm nhạc quốc gia VNVietnam National Academy of Music,N/A,,,,,,
DNG103,Bài tập luyện kỹ thuật đàn NguyệtExercises to practice techniques of Dan Nguyet,,,,,,,,,
DNG103,Danh mục các bài nhạc có thể sử dụng trong học phần:1. Inh lả Ơi (Dân ca Thái)2. Xòe Hoa (Dân ca Thái)3. Tam Pháp Nhập Môn (Cải lương)4. Xuân Phong – Long Hổ (Nhạc Huế)5. Hồ Quảng (Nhạc Huế)6. Arirang (Dân ca Hàn Quốc)7. Auld Lang Syne (Nhạc Quốc tế)8. Bắc Kim Thang (Dân ca Nam Bộ)9. Giấc mơ trưa (Giáng Son)10. Jingle Bells (James S.Pierpont)11. Lý kéo chài (Dân ca Nam Bộ)12. Cò Lả (Dân ca Bắc Bộ)13. Lý Cây Bông (Dân ca Nam Bộ)14. Lý cây đa (Dân ca Bắc Bộ)15. Thằng Cuội (Lê Phương)16. Đội kèn tí hon (Phan Huỳnh Điểu)17. Fly Away (Nhạc Quốc tế)18. Chờ người nơi ấy (Huy Tuấn)19. Từ đó (Phan Mạnh Quỳnh)20. Trống cơm (Dân ca Bắc Bộ)21. Hồn Quê (Thanh Sơn)22. Happy birthday (nhạc quốc tế)23. Gặp mẹ trong mơ ( nhạc Hoa)24. Hào khí Việt Nam ( Holy Thắng ),,,,,,,,,
DTB103,"Sách học Đàn tỳ bà""Sách học Đàn tỳ bà""",NSND Vũ Thị Mai PhươngPeople's Artist Vu Thi Mai Phuong,Học viên Âm nhạc quốc gia VNVietnam National Academy of Music,N/A,,,,,,
DTB103,Bài tập luyện kỹ thuật đàn Tỳ bàExercises to practice techniques of Dan Ty ba,,,,,,,,,
DTB103,Danh mục các bài nhạc có thể sử dụng trong học phần:1. Inh lả Ơi (Dân ca Thái)2. Con Chim Ri3. Cái bống là cái bống bang4. Xòe Hoa (Dân ca Thái)5. Tam Pháp Nhập Môn (Cải lương)6. Xuân Phong – Long Hổ (Nhạc Huế)7. Hồ Quảng (Nhạc Huế)8. Arirang (Dân ca Hàn Quốc)9. Auld Lang Syne (Nhạc Quốc tế)10. Bắc Kim Thang (Dân ca Nam Bộ)11. Giấc mơ trưa (Giáng Son)12. Jingle Bells (James S.Pierpont)13. Lý kéo chài (Dân ca Nam Bộ)14. Cò Lả (Dân ca Bắc Bộ)15. Lý Cây Bông (Dân ca Nam Bộ)16. Lý cây đa (Dân ca Bắc Bộ)17. Thằng Cuội (Lê Phương)18. Trống cơm (Dân ca Bắc Bộ)19. Happy birthday (nhạc quốc tế)20. Chờ người nơi ấy21. Con bướm xuân,,,,,,,,,
TRG103,Những bài bản đại nhạc thuộc nhã nhạc cung đình HuếGreat Music songs of Hue royal court music,Ký âm : Nghệ nhân Trần Thảo Music notation drawn by: artisan Tran ThaoHiệu đính: nhạc sĩ Việt ĐứcRevised by: musician Viet Duc,N/A,N/A,,,,,,
TRG103,Bài tập luyện kỹ thuật TrốngExercises to practice techniques of Drum,,,,,,,,,
DNH103,"Sách học Đàn Nhị""Sách học Đàn Nhị""",Tác giả Thế DânAuthors: The Dan,Học viên Âm nhạc quốc gia VNVietnam National Academy of Music,N/A,,,,,,
DNH103,Bài tập luyện kỹ thuật đàn NhịExercises to practice techniques of Dan Nhi,,,,,,,,,
CSI106,Foundations Of Computer Science,Behrouz Forouzan,Cengage,2017,4th,978-1-4737-5104-0,,,,
CSI106,Fundamentals of Information Systems Security,,Jones & Bartlett,2016,3rd,,,,,
CSI106,Computer architecture : A quantitative approach,"John L. Hennessy, David A Patterson",Morgan Kaufmann,2011,5th,,,,,
CSI106,"AI For Everyone"" course in Courserahttps://www.coursera.org/learn/ai-for-everyone/",Andrew Ng,DeepLearning.AI,,,,,,,Additional Learning
MAD101,Discrete Mathematics and its applications,Kenneth Rosen,"Mc.Graw Hill, IE",2007,Ed.7 (or 6),978-0073383095,,,,
MAD101,Teaching Suggestion and Applications of Discrete Mathematics for ST1 (TS),,,,,,,,,
MAD101,Testbank for ST1,,,,,,,,,
MAD101,Powerpoint image in CD + Powerpoint prepared by previous lecturers (PP),,,,,,,,,
MAD101,"Computerized tools (for example C programming tools, Maxima http://maxima.sourceforge.net/) (CT)",,,,,,,,,
MAD101,Adam Drozdek. Data structure and Algorithms in Java. 3rd Edition.,,,,,,,,,
MAE101,Calculus 1,,,,,,,,,https://openstax.org/details/books/calculus-volume-1
MAE101,Calculus 2,,,,,,,,,https://openstax.org/details/books/calculus-volume-2
MAE101,powerpoint in CD + Powerpoint prepared by previous lecturers (PP).,,,,,,,,,
MAE101,Student Video Skillbuilder in CD (Video).,,,,,,,,,
MAE101,Animation in CD (Animation).,,,,,,,,,
MAE101,Computerized tools (for example Maxima http://maxima.sourceforge.net/) (CT),,,,,,,,,
MAE101,Essential Calculus,James Stewart,Thomson Brooks/Cole,,,978-0-495-10860-3,,,,
MAE101,Calculus for engineers,Donald Trim,"Prentice Hall,",,,0-13-085603-7,,,,
MAE101,Calculus,Stanley I. Grossman,,,,0-03-096420-2,,,,
MAE101,Linear Algebra with applications,"W.Keith Nicholson,",Mc Graw Hill Education,,,987-1-259-07299-4.,,,,
MAE101,Linear Algebra with Applications,W. Keith Nicholson,Lyryx Online Resources,2021,2021-A,,,,,https://lyryx.com/linear-algebra-applications/
MAE101,Coursera - FPT University Private Authored Courses: Linear transformation with python (Guided Project),,,,,,,,,Optional practice
PFP191,Python for Everybody Exploring Data Using Python 3,Charles R. Severance,Creative Commons Attribution-NonCommercial- ShareAlike 3.0 Unported License,2016,1st,978-1530051120,,,,http://do1.dr-chuck.com/pythonlearn/EN_us/pythonlearn.pdf
PFP191,Python for Everybody (PY4E),Charles R. Severance,,,,,,,,https://www.py4e.com/
PFP191,Python for Everybody Specialization,Charles R. Severance,,,,,,,,https://www.coursera.org/specializations/python
PFP191,Python Programming and Numerical Methods - A Guide for Engineers and Scientists,,,,,,,,,https://pythonnumericalmethods.studentorg.berkeley.edu/notebooks/Index.html
VOV124,Sách giáo trình: Kỹ thuật Vovinam - Việt Võ ĐạoVovinam-Viet Vo Dao Techniques,,Nhà xuất bản thể dục thể thaoSports Publishing House,,,,,,,
COV121,Cờ vuaChess,Lương Trọng Minh,Nhà xuất bản Kim ĐồngKim Dong Publishing House,2011,,,,,,
COV121,Giáo án môn Cờ vuaChess textbook,,,,,,,,,
SSL101c,https://www.coursera.org/specializations/academic-skills,,Coursera,,,,,,,SPEC: Academic Skills for University Success Specialization
SSL101c,https://www.coursera.org/learn/digital-literacy,,Coursera,,,,,,,MOOC 01: Introduction to Information & Digital Literacy for University Success
SSL101c,https://www.coursera.org/learn/problem-solving-skills,,Coursera,,,,,,,MOOC 02: Introduction to Problem-Solving Skill for University Success
SSL101c,https://www.coursera.org/learn/critical-thinking-skills,,Coursera,,,,,,,MOOC 03: Critical Thinking Skills for University Success
SSL101c,https://www.coursera.org/learn/communication-skills,,Coursera,,,,,,,MOOC 04: Communication Skills for University Success
SSL101c,https://www.coursera.org/learn/academic-skills-project,,Coursera,,,,,,,MOOC 05: Academic Skills for University Success: Capstone
SSL101c,Coursera - FPT University Private Authored Courses: SSL101c - How To Avoid Plagiarism with Digital Tools (Guided Project),,,,,,,,,Optional Practice
AIG202c,https://www.coursera.org/learn/introduction-to-ai,,Coursera,,,,,,,MOOC 01: Introduction to Artificial Intelligence (AI)
AIG202c,https://learner.coursera.help/hc/en-us/articles/208280036-Coursera-Code-of-Conduct,,Coursera,,,,,,,Help Articles
AIG202c,https://www.coursera.org/learn/generative-ai-introduction-and-applications,,Coursera,,,,,,,MOOC 02: Generative AI: Introduction and Applications
AIG202c,https://www.coursera.org/learn/building-ai-powered-chatbots,,Coursera,,,,,,,MOOC 04: Building AI Powered Chatbots Without Programming
AIG202c,https://www.coursera.org/specializations/ai-foundations-for-everyone,,Coursera,,,,,,,SPEC: AI Foundations for Everyone Specialization
AIG202c,https://www.coursera.org/learn/generative-ai-prompt-engineering-for-everyone,,Coursera,,,,,,,MOOC 03: Generative AI: Prompt Engineering Basics
CEA201,Computer Organization and Architecture: Design for Performance,William Stallings,Prentice Hall,2012,9th (or 10th),"978-0132936330 (9th), 978-0134101613 (10th)",,,,
CEA201,Computer architecture : A quantitative approach,"John L. Hennessy, David A Patterson",Morgan Kaufmann,,,,,,,
CEA201,http://williamstallings.com/ComputerOrganization/COA9e-Instructor/,,,,,,,,,
CEA201,http://williamstallings.com/ComputerOrganization/COA9e-student/,,,,,,,,,
CEA201,PowerPoint Lecture Slides,,,,,,,,,
CEA201,Instructor Solutions Manual,,,,,,,,,
CEA201,Instructor Project Manual,,,,,,,,,
CEA201,Test banks,,,,,,,,,
CSD203,Data Structures and Algorithms in Python,"Michael T. Goodrich, Roberto Tamassia, Michael H. Goldwasser",Wiley,2013,1st,9781118290279,,,,Sách online (Wiley platform)
CSD203,- PowerPoint Slides,,,,,,,,,
CSD203,- Assignments,,,,,,,,,
CSD203,- Labs,,,,,,,,,
CSD203,Data Structures and Algorithms using Python,Rance D. Necaise,Wiley,2011,1st,9788126562169,,,,
CSD203,Data Structures and Algorithms with Python,Kent D. Lee Steve Hubbard,Springer,2015,1st,9783319130712,,,,
DBI202-OLD,First Course in Database Systems,"Jeffrey D. Ullman, Jennifer Widom",,,3rd,9780136006374,,,,
DBI202-OLD,http://infolab.stanford.edu/~ullman/fcdb.html,,,,,,,,,
DBI202-OLD,"http://www.pearsonhighered.com/educator/hip_main_content/1,3120,-500,00.html",,,,,,,,,
DBI202-OLD,http://esminfo.prenhall.com/goal/,,,,,,,,,
DBI202-OLD,FU Slides,,,,,,,,,
DBI202-OLD,FU CMS at http://cms.fpt.edu.vn .,,,,,,,,,
DBI202,First Course in Database Systems,"Jeffrey D. Ullman, Jennifer Widom",Pearson,2008,Third edition,9781292025827 or 9780136006374,,,,
DBI202,Database Management System,Raghu ramakrishnan,Mc Graw-Hill,,Third edition,978-8131769591,,,,
DBI202,Database Management System (DBMS): A Practical Approach,Rajiv Chopra,SChand Publications,,,9788121932455,,,,
DBI202,Course slides (.pptx),,,,,,,,,
DBI202,Labs & assignment,,,,,,,,,
JPD113,できる日本語　初級　本冊,嶋田和子,アルク,2011,,ISBN-10 : 4757419775ISBN-13 : 978-4757419773,,,,Giáo trình Dekiru quyển đỏ (Tiếng Nhật trong tầm tay)
JPD113,わたしのことばノート 初級 (できる日本語),できる日本語教材開発プロジェクト,嶋田 和子,凡人社,,ISBN-10 : 4893588117ISBN-13 : 978-4893588111,,,,
JPD113,Kana Nyuumon (Nhập môn Kana),Japan Foundation,,,,,,,,
JPD113,漢字たまご 初級,"有山優樹 (著), 落合知春 (著), 立原雅子 (著), 林英子 (著), 山口知才子 (著), 酒井弘美 (イラスト), 嶋田和子 (監修)",凡人社,2012,,ISBN-10 : 4893588311ISBN-13 : 978-4893588319,,,,
JPD113,わたしの文法ノート 初級 (できる日本語),嶋田和子,凡人社,2012,,ISBN-10 : 489358801XISBN-13 : 978-4893588012,,,,
VOV134,Sách giáo trình: Kỹ thuật Vovinam - Việt Võ ĐạoVovinam-Viet Vo Dao Techniques,,Nhà xuất bản thể dục thể thaoSports Publishing House,,,,,,,
COV131,Cờ vuaChess,Lương Trọng Minh,Nhà xuất bản Kim ĐồngKim Dong Publishing House,2011,,,,,,
COV131,Giáo án môn Cờ vuaChess textbook,,,,,,,,,
ADY201m,What is Data Science?,Coursera,https://www.coursera.org/learn/what-is-datascience?specialization=ibm-data-science,,,,,,,
ADY201m,Data Science Methodology,Coursera,https://www.coursera.org/learn/data-science-methodology?specialization=ibm-data-science,,,,,,,
ADY201m,Databases and SQL for Data Science with Python,Coursera,https://www.coursera.org/learn/sql-data-science,,,,,,,
ADY201m,Tools for Data Science,Coursera,https://www.coursera.org/learn/open-source-tools-for-data-science?specialization=ibm-data-science,,,,,,,
ADY201m,"Python for Data Science, AI & Development",Coursera,https://www.coursera.org/learn/python-for-applied-data-science-ai?specialization=ibm-data-science,,,,,,,
ADY201m,Statistics for Data Science with Python,Coursera,https://www.coursera.org/learn/statistics-for-data-science-python,,,,,,,
ADY201m,Python Project for Data Science,Coursera,https://www.coursera.org/learn/python-project-for-data-science?specialization=ibm-data-science,,,,,,,
ADY201m,Predict Sales Revenue with scikit-learn,Coursera,https://www.coursera.org/projects/scikit-learn-simple-linear-regression,,,,,,,Guided Project
ADY201m,Build Data Analysis tools using R and DPLYR,Coursera,https://www.coursera.org/projects/introduction-to-dplyr,,,,,,,Guided Project
ITE303c,MOOC 1: Artificial Intelligence Algorithms Models and Limitations,,Coursera,,,,,,,https://www.coursera.org/learn/ai-algorithm-limitations?specialization=ethics-in-ai
ITE303c,MOOC 2: Artificial Intelligence Data Fairness and Bias,,Coursera,,,,,,,https://www.coursera.org/learn/ai-data-bias?specialization=ethics-in-ai
ITE303c,MOOC 3: Artificial Intelligence Privacy and Convenience,,Coursera,,,,,,,https://www.coursera.org/learn/ai-privacy-and-convenience?specialization=ethics-in-ai
ITE303c,MOOC 4: Artificial Intelligence Ethics in Action,,Coursera,,,,,,,https://www.coursera.org/learn/ai-ethics-analysis?specialization=ethics-in-ai
ITE303c,Help Articles,,Coursera,,,,,,,https://www.coursera.support/s/article/208280036-Coursera-Code-of-Conduct?language=en_US
ITE303c,Ethics in the Age of AI Specialization,,Coursera,,,,,,,https://www.coursera.org/specializations/ethics-in-ai
JPD123,できる日本語　初級　本冊,嶋田和子,アルク,2011,,ISBN-10 : 4757419775ISBN-13 : 978-4757419773,,,,Giáo trình Dekiru quyển đỏ (Tiếng Nhật trong tầm tay)
JPD123,わたしのことばノート 初級 (できる日本語),嶋田 和子,凡人社,2012,,ISBN-10 : 4893588117ISBN-13 : 978-4893588111,,,,
JPD123,漢字たまご 初級,"有山優樹 (著), 落合知春 (著), 立原雅子 (著), 林英子 (著), 山口知才子 (著), 酒井弘美 (イラスト), 嶋田和子 (監修)",凡人社,2012,,ISBN-10 : 4893588311ISBN-13 : 978-4893588319,,,,
JPD123,わたしの文法ノート 初級 (できる日本語),嶋田和子,凡人社,2011,,ISBN-10 : 489358801XISBN-13 : 978-4893588012,,,,
MAI391,Mathematics for Machine Learning,"M. P. Deisenroth, A. Faisal, Ch. S. Ong",Cambrige Univeristy Press,2020,1st,,,,,https://mml-book.github.io/?fbclid=IwAR2WAfBUZe-E6O-pbbGL3k6E7KngL8F9sbOqraZr9LD14PAnHw6Y_e-O6Q4
MAI391,PDF Slides,Instructors,,,,,,,,
MAI391,Machine Learning cơ bản,Vũ Hữu Tiệp,,,,,,,,https://github.com/tiepvupsu/ebookMLCB/blob/master/book_ML.pdf
MAI391,Multivariate Calculus,Denis Auroux,MIT OpenCourseWare,,,,,,,https://ocw.mit.edu/courses/mathematics/18-02sc-multivariable-calculus-fall-2010/index.htm
MAI391,Mathematics for machine learning,Mirror Neuron Chanel,,,,,,,,https://www.youtube.com/playlist?list=PLcQCwsZDEzFmlSc6levE3UV9rZ8yY-D_7
MAI391,Mathematics for machine Learning,Digital Learning Hub - Imperial College London Chanel,,,,,,,,https://www.youtube.com/channel/UCSzae1ITUdw9DCdELMduaQw/playlists
MAI391,Linear Algebra Done Right,Sheldon Axler,Springer,2015,3rd,,,,,
MAI391,Machine Learning,Andrew Ng,Stanford Chanel,,,,,,,https://www.youtube.com/watch?v=UzxYlbK2c7E&list=PLA89DCFA6ADACE599&index=1
MAI391,Mathematics for Machine Learning,Cousera,,,,,,,,https://www.coursera.org/specializations/mathematics-machine-learning
MAS291,"Montgomery D.C. & Runger G.C., Applied Statistics and Probability for Engineers",John Wiley & Sons.,Wiley,2006,4th/5th/6th/7th ed.,9781119718871,,,,7th ed. ISBN: 9781119718871
MAS291,Powerpoint slides (PP).,,,,,,,,,
MAS291,Computerized tools (for example Excel and DDXL add-ons) (CT),,,,,,,,,
MAS291,"Elementary Statistics Using Excel, 3/E,",Mario F. Triola,Addison-Wesley,200,3rd,0321365135,,,,
AIL303m,https://www.coursera.org/specializations/ibm-intro-machine-learning,Coursera,Coursera,,,,,,,
AIL303m,https://www.coursera.org/learn/ibm-exploratory-data-analysis-for-machine-learning?specialization=ibm-intro-machine-learning,Coursera,Coursera,,,,,,,
AIL303m,https://www.coursera.org/learn/supervised-machine-learning-regression?specialization=ibm-intro-machine-learning,Coursera,Coursera,,,,,,,
AIL303m,https://www.coursera.org/learn/supervised-machine-learning-classification?specialization=ibm-intro-machine-learning,Coursera,Coursera,,,,,,,
AIL303m,https://www.coursera.org/learn/ibm-unsupervised-machine-learning?specialization=ibm-intro-machine-learning,Coursera,Coursera,,,,,,,
CPV301,Computer Vision: Algorithms and Applications,Richard Szeliski,Springer,10/19/2010 12:00:00 AM,1st,978-1848829343,,,,https://szeliski.org/Book/
CPV301,OpenCV Computer Vision with Python,Joseph Howse,Packt,4/1/2013 12:00:00 AM,1st,978-1782163923,,,,
CPV301,Computer Vision: A Modern Approach,"David Forsyth, Jean Ponce",Pearson,10/26/2011 12:00:00 AM,2nd,978-0136085928,,,,
CPV301,Multiple View Geometry in Computer Vision,Richard Hartley,Cambridge University Press,4/19/2004 12:00:00 AM,2nd,978-0521540513,,,,
CPV301,Course slide,,,,,,,,,
CPV301,Labs & assignment,,,,,,,,,
DAP391m,Data Analysis with Python,Coursera,https://www.coursera.org/learn/data-analysis-with-python,,,,,,,
DAP391m,Data Visualization with Python,Coursera,https://www.coursera.org/learn/python-for-data-visualization,,,,,,,
DAP391m,Building AI Applications with Watson APIs,Coursera,https://cloud.ibm.com/docs/watson-assistant?topic=watson-assistant-getting-started,,,,,,,Updated slides
DAP391m,Applied Data Science Capstone,Coursera,https://www.coursera.org/learn/applied-data-science-capstone,,,,,,,
DAP391m,GP 1: Simple Linear Regression for the Absolute Beginner,Coursera,https://www.coursera.org/learn/simple-linear-regression-for-the-absolute-beginner/home/week/1,,,,,,,Guided Project
DAP391m,GP 2: Predict Ad Clicks Using Logistic Regression and XG-Boost,Coursera,https://www.coursera.org/programs/fptu-fall-2024-zb2kn/projects/predict-ad-clicks-using-logistic-regression-and-xg-boost,,,,,,,Guided Project
SSG104,Problem Solving in Teams and Groups,Cameron W. Piercy,University of Kansas Libraries,2019,,,,,,https://open.umn.edu/opentextbooks/textbooks/problem-solving-in-teams-and-groups
SSG104,College Success,N/A,Lumen Learning courseware,,,,,,,https://courses.lumenlearning.com/lumencollegesuccessxtraining2/ or https://courses.lumenlearning.com/lumencollegesuccessxtraining/
SSG104,Business communication for success,N/A,University of Minnesota i,2015,2th,,,,,https://www.oercommons.org/courses/basics-of-written-business-communication/view
SSG104,Working in group 7th ed.,,Pearson,2017,,,,,,
SSG104,Business communication 7th ed.,,Thomson-South Western,2008,,,,,,
SSG104,PowerPoint Slides,,,,,,,,,
SWE201c,https://learner.coursera.help/hc/en-us/articles/208280036-Coursera-Code-of-Conduct,,Coursera,,,,,,,
SWE201c,https://www.coursera.org/learn/software-processes,,Coursera,,,,,,,MOOC 01: Software Development Processes and Methodologies
SWE201c,https://www.coursera.org/learn/agile-software-development,,Coursera,,,,,,,MOOC 02: Agile Software Development
SWE201c,https://www.coursera.org/learn/lean-software-development,,Coursera,,,,,,,MOOC 03: Lean Software Development
SWE201c,https://www.coursera.org/learn/engineering-practices-secure-software-quality,,Coursera,,,,,,,MOOC 04: Engineering Practices for Building Quality Software
SWE201c,https://www.coursera.org/specializations/software-development-lifecycle,,Coursera,,,,,,,SPEC: Software Development Lifecycle
DSR301m,Introduction to R Programming for Data Science,,Coursera,,,,,,,https://www.coursera.org/learn/introducton-r-programming-data-science
DSR301m,SQL for Data Science with R,,Coursera,,,,,,,https://www.coursera.org/learn/sql-data-science-r
DSR301m,Data Analysis with R,,Coursera,,,,,,,https://www.coursera.org/learn/data-analysis-with-r?specialization=applied-data-science-r
DSR301m,Data Visualization with R,,Coursera,,,,,,,https://www.coursera.org/learn/data-visualization-r?specialization=applied-data-science-r
BDI302c,https://www.coursera.org/specializations/big-data,,Coursera,,,,,,,Big Data Specialization
BDI302c,https://www.coursera.org/learn/big-data-introduction?specialization=big-data,,Coursera,,,,,,,MOOC 1: Introduction to Big Data
BDI302c,https://www.coursera.org/learn/big-data-management?specialization=big-data,,Coursera,,,,,,,MOOC 2: Big Data Modeling and Management Systems
BDI302c,https://www.coursera.org/learn/big-data-integration-processing?specialization=big-data,,Coursera,,,,,,,MOOC 3: Big Data Integration and Processing
BDI302c,https://www.coursera.org/learn/big-data-machine-learning?specialization=big-data,,Coursera,,,,,,,MOOC 4: Machine Learning With Big Data
BDI302c,https://www.coursera.org/learn/big-data-graph-analytics?specialization=big-data,,Coursera,,,,,,,MOOC 5: Graph Analytics for Big Data
BDI302c,https://learner.coursera.help/hc/en-us/articles/208280036-Coursera-Code-of-Conduct,,Coursera,,,,,,,
AIH301m,https://www.coursera.org/specializations/ai-healthcare,Coursera,Coursera,,,,,,,
AIH301m,https://www.coursera.org/learn/intro-to-healthcare?specialization=ai-healthcare,Coursera,Coursera,,,,,,,
AIH301m,https://www.coursera.org/learn/introduction-clinical-data?specialization=ai-healthcare,Coursera,Coursera,,,,,,,
AIH301m,https://www.coursera.org/learn/fundamental-machine-learning-healthcare?specialization=ai-healthcare,Coursera,Coursera,,,,,,,
AIH301m,https://www.coursera.org/learn/evaluations-ai-applications-healthcare?specialization=ai-healthcare,Coursera,Coursera,,,,,,,
AIH301m,https://www.coursera.org/specializations/healthcare-it,Coursera,Coursera,,,,,,,
AIH301m,https://www.coursera.org/learn/ai-for-everyone,Coursera,Coursera,,,,,,,
AIH301m,- PowerPoint Slides,,,,,,,,,
AIH301m,- Assignments 1,,,,,,,,,
AIH301m,- Assignments 2,,,,,,,,,
AIH301m,- Quiz for Progress Tests,,,,,,,,,
ASR301c,Specialization: AI for Scientific Research Specialization,LearnQuest,Coursera,,,,,,,https://www.coursera.org/specializations/artificial-intelligence-scientific-research
ASR301c,MOOC 1: Introduction to Data Science and scikit-learn in Python,LearnQuest,Coursera,,,,,,,https://www.coursera.org/learn/data-science-and-scikit-learn-in-python?specialization=artificial-intelligence-scientific-research
ASR301c,MOOC 2: Machine Learning Models in Science,LearnQuest,Coursera,,,,,,,https://www.coursera.org/learn/machine-learning-models-in-science?specialization=artificial-intelligence-scientific-research
ASR301c,MOOC 3: Neural Networks and Random Forests,LearnQuest,Coursera,,,,,,,https://www.coursera.org/learn/neural-networks-random-forests?specialization=artificial-intelligence-scientific-research
ASR301c,MOOC 4: Capstone Project: Advanced AI for Drug Discovery,LearnQuest,Coursera,,,,,,,https://www.coursera.org/learn/ai-for-drug-discovery?specialization=artificial-intelligence-scientific-research
ASR301c,Help Articles,,Coursera,,,,,,,https://www.coursera.support/s/article/208280036-Coursera-Code-of-Conduct?language=en_US
TMG301,Applied Text Analysis with Python: Enabling Language-Aware Data Products with Machine Learning,"Benjamin Bengfort, Rebecca Bilbro, Tony Ojeda",O'Reilly Media,2018,,978-1491963043 (ISBN-13),,,,
TMG301,Natural Language Processing with Python: Analyzing Text with the Natural Language Toolkit,"Steven Bird, Ewan Klein, Edward Loper",O'Reilly Media,2009,,978-0596516499 (ISBN-13),,,,
TMG301,Speech and Language Processing,"Daniel Jurafsky, James Martin",Prentice Hall,2008,,978-0131873216 (ISBN-13),,,,
TMG301,"Natural Language Processing in Action: Understanding, Analyzing, and Generating Text with Python","Hobson Lane, Cole Howard and Hannes Max Hapke",Manning,2019,,978-1617294631 (ISBN-13),,,,https://library.books24x7.com/toc.aspx?bookid=147295
TMG301,Text Analytics with Python: A Practitioner's Guide to Natural Language Processing,Dipanjan Sarkar,Apress,2019,Second Edition,978-1484243534 (ISBN-13),,,,https://library.books24x7.com/toc.aspx?bookid=146229
TMG301,- PowerPoint Slides,,,,,,,,,
TMG301,- Assignments 1,,,,,,,,,
TMG301,- Assignments 2,,,,,,,,,
TMG301,- Quiz for Progress Tests,,,,,,,,,
SEG301,Search Engines: Information Retrieval in Practice,"Bruce Croft, Donald Metzler, Trevor Strohman",Pearson,,,978-0136072249 (ISDBN-13),,,,
SEG301,Introduction to Information Retrieval,"Christopher D. Manning, Prabhakar Raghavan and Hinrich Schütze",Cambridge University Press,,,521865719,,,,
SEG301,Information Retrieval: Implementing and Evaluating Search Engines,"Stefan Buttcher, Charles L. A. Clarke, Gordon V. Cormack",MIT Press,,,978-0262528870 (ISBN-13),,,,
SEG301,Web Information Retrieval,"Stefano Ceri, Alessandro Bozzon, Marco Brambilla, Emanuele Della Valle, Piero Fraternali, Silvia Quarteroni",Springer,2013,,978-3642393136 (ISBN-13),,,,https://library.books24x7.com/toc.aspx?bookid=77020
SEG301,"Understanding Information Retrieval Systems: Management, Types, and Standards",Marcia J. Bates,Auerbach Publications,2011,,978-1439891964 (ISBN-13),,,,https://library.books24x7.com/toc.aspx?bookid=47168
SEG301,- PowerPoint Slides,,,,,,,,,
SEG301,- Assignments 1,,,,,,,,,
SEG301,- Assignments 2,,,,,,,,,
SEG301,- Assignments 3,,,,,,,,,
SEG301,- Quiz for Progress Tests,,,,,,,,,
DPL302m,Deep Learning Specialization,DeepLearning.AI,Coursera,,,,,,,https://www.coursera.org/specializations/deep-learning
DPL302m,Neural Networks and Deep Learning,DeepLearning.AI,Coursera,,,,,,,https://www.coursera.org/learn/neural-networks-deep-learning?specialization=deep-learning
DPL302m,"Improving Deep Neural Networks: Hyperparameter Tuning, Regularization and Optimization",DeepLearning.AI,Coursera,,,,,,,https://www.coursera.org/learn/deep-neural-network?specialization=deep-learning
DPL302m,Structuring Machine Learning Projects,DeepLearning.AI,Coursera,,,,,,,https://www.coursera.org/learn/machine-learning-projects?specialization=deep-learning
DPL302m,Convolutional Neural Networks,DeepLearning.AI,Coursera,,,,,,,https://www.coursera.org/learn/convolutional-neural-networks?specialization=deep-learning
DPL302m,Sequence Models,DeepLearning.AI,Coursera,,,,,,,https://www.coursera.org/learn/nlp-sequence-models?specialization=deep-learning
DPL302m,GP 1: Diabetes Disease Detection with XG-Boost and Neural Networks,,Coursera,,,,,,,https://www.coursera.org/projects/diabetes-disease-detection-with-xg-boost-and-neural-networks
DPL302m,GP 2: Hyperparameter Tuning with Keras Tuner,,Coursera,,,,,,,https://www.coursera.org/projects/keras-tuner
DPL302m,GP 3: Object Localization with TensorFlow,,Coursera,,,,,,,https://www.coursera.org/projects/object-localization-tensorflow
DPL302m,GP 4: NLP: Twitter Sentiment Analysis,,Coursera,,,,,,,https://www.coursera.org/projects/twitter-sentiment-analysis
DWP301c,https://www.coursera.org/learn/introduction-to-cloud,,Coursera,,,,,,,
DWP301c,https://www.coursera.org/learn/introduction-to-web-development-with-html-css-javacript/,,Coursera,,,,,,,
DWP301c,https://www.coursera.org/learn/getting-started-with-git-and-github,,Coursera,,,,,,,
DWP301c,https://www.coursera.org/learn/developing-frontend-apps-with-react/,,Coursera,,,,,,,
DWP301c,https://www.coursera.org/learn/developing-backend-apps-with-nodejs-and-express/,,Coursera,,,,,,,
DWP301c,https://www.coursera.org/learn/python-for-applied-data-science-ai,,Coursera,,,,,,,
DWP301c,https://www.coursera.org/learn/python-project-for-ai-application-development/,,Coursera,,,,,,,
DWP301c,https://www.coursera.org/learn/developing-applications-with-sql-databases-and-django,,Coursera,,,,,,,
DWP301c,https://www.coursera.org/learn/ibm-containers-docker-kubernetes-openshift,,Coursera,,,,,,,
DWP301c,https://www.coursera.org/learn/applications-development-microservices-serverless-openshift,,Coursera,,,,,,,
DWP301c,https://www.coursera.org/learn/ibm-cloud-native-full-stack-development-capstone/,,Coursera,,,,,,,
DWP301c,https://www.coursera.org/learn/full-stack-software-developer-assessment,,Coursera,,,,,,,
DWP301c,https://www.coursera.support/s/article/208280036-Coursera-Code-of-Conduct?language=en_US,,Coursera,,,,,,,
NLP301c,https://learner.coursera.help/hc/en-us/articles/208280036-Coursera-Code-of-Conduct,,Coursera,,,,,,,
NLP301c,https://www.coursera.org/learn/classification-vector-spaces-in-nlp?specialization=natural-language-processing,,Coursera,,,,,,,MOOC 1: Natural Language Processing with Classification and Vector Spaces
NLP301c,https://www.coursera.org/learn/probabilistic-models-in-nlp?specialization=natural-language-processing,,Coursera,,,,,,,MOOC 2: Natural Language Processing with Probabilistic Models
NLP301c,https://www.coursera.org/learn/sequence-models-in-nlp?specialization=natural-language-processing,,Coursera,,,,,,,MOOC 3: Natural Language Processing with Sequence Models
NLP301c,https://www.coursera.org/learn/attention-models-in-nlp?specialization=natural-language-processing,,Coursera,,,,,,,MOOC 4: Natural Language Processing with Attention Models
NLP301c,https://www.coursera.org/specializations/natural-language-processing,,Coursera,,,,,,,SPEC: Natural Language Processing Specialization
OJT202,Hướng dẫn quản lý thực tập(07.04PL - HDCV Quan ly thuc tap)Guideline for internship management(07.04PL - HDCV Quan ly thuc tap),,,,,,,,,"Internal material, self-documented FPTU"
OJT202,Phiếu khảo sát doanh nghiệp về sinh viên thực tập(07.16BMĐHFE10- Khảo sát doanh nghiệp về sinh viên thực tập)Business survey on student interns,,,,,,,,,"Internal material, self-documented FPTU"
OJT202,Phiếu Khảo sát sinh viên về kỳ thực tập(07.17BMĐHFE10- Khao sat sinh vien ve ky thuc tap)Student survey on the internship,,,,,,,,,"Internal material, self-documented FPTU"
OJT202,Phiếu đánh giá sinh viên kỳ OJTEvaluation of the students' OJT performance,,,,,,,,,"Internal material, self-documented FPTU"
DBM302m,Data Mining Pipeline,,Coursera,,,,,,,https://www.coursera.org/learn/data-mining-pipeline?specialization=data-mining-foundations-practice
DBM302m,Data Visualization,,Coursera,,,,,,,https://www.coursera.org/learn/datavisualization?specialization=data-mining
DBM302m,Pattern Discovery in Data Mining,,Coursera,,,,,,,https://www.coursera.org/learn/data-patterns?specialization=data-mining
DBM302m,Cluster Analysis in Data Mining,,Coursera,,,,,,,https://www.coursera.org/learn/cluster-analysis?specialization=data-mining
AIM301m,Spec: AI for Medicine Specialization,Coursera,Coursera,,,,,,,https://www.coursera.org/specializations/ai-for-medicine#courses
AIM301m,MOOC 1: AI for Medical Diagnosis,Coursera,Coursera,,,,,,,https://www.coursera.org/learn/ai-for-medical-diagnosis?specialization=ai-for-medicine
AIM301m,MOOC 2: AI for Medical Prognosis,Coursera,Coursera,,,,,,,https://www.coursera.org/learn/ai-for-medical-prognosis?specialization=ai-for-medicine
AIM301m,MOOC 3: AI For Medical Treatment,Coursera,Coursera,,,,,,,https://www.coursera.org/learn/ai-for-medical-treatment?specialization=ai-for-medicine
AIM301m,"Hands-On Machine Learning with Scikit-Learn, Keras, and TensorFlow: Concepts, Tools, and Techniques to Build Intelligent Systems",Aurélien Géron,O'Reilly Media,5/9/2017 12:00:00 AM,1st edition,978-1491962299,,,,http://ds.libol.fpt.edu.vn/
AIM301m,Healthcare IT Support Specialization,Coursera,Coursera,,,,,,,https://www.coursera.org/specializations/healthcare-it
AIM301m,AI For Everyone,Coursera,Coursera,,,,,,,https://www.coursera.org/learn/ai-for-everyone
DAT301m,"Introduction to TensorFlow for Artificial Intelligence, Machine Learning, and Deep Learning",Coursera,https://www.coursera.org/learn/introduction-tensorflow,,,,,,,
DAT301m,Convolutional Neural Networks in TensorFlow,Coursera,https://www.coursera.org/learn/convolutional-neural-networks-tensorflow,,,,,,,
DAT301m,Natural Language Processing in TensorFlow,Coursera,https://www.coursera.org/learn/natural-language-processing-tensorflow,,,,,,,
DAT301m,"Sequences, Time Series and Prediction",Coursera,https://www.coursera.org/learn/tensorflow-sequences-time-series-and-prediction,,,,,,,
DAT301m,Guided ProjectObject Localization with TensorFlow,Coursera,https://www.coursera.org/programs/fptu-fall-2024-zb2kn/projects/object-localization-tensorflow?source=search,,,,,,,
ENW493c,Mooc 1: Understanding Research Methods,,Coursera,,,,,,,https://www.coursera.org/learn/research-methods
ENW493c,Mooc 2: Research Methodologies,,Coursera,,,,,,,https://www.coursera.org/learn/research-methodologies
ENW493c,Mooc 3: Being a reseacher (in Information Science and Technology),,Coursera,,,,,,,https://www.coursera.org/learn/being-researcher
ENW493c,Mooc 4: Advanced Writing,,Coursera,,,,,,,https://www.coursera.org/learn/advanced-writing?specialization=academic-english
ENW493c,Mooc 5: Introduction to Research for Essay Writing,,Coursera,,,,,,,https://www.coursera.org/learn/introduction-to-research-for-essay-writing?specialization=academic-english
EXE101,"Online material sources (video, documents)","Y Combinator (San Jose, CA)",,,,,,,,www.StartupSchool.org
EXE101,Startup Directory sources,"YCombinator (San Jose, CA)",,,,,,,,https://www.ycombinator.com/companies
EXE101,Techstars,"Techstars (Boulder, Colorado)",,,,,,,,https://www.techstars.com/portfolio
EXE101,500 Startups,500Startups,,,,,,,,https://500.co/companies
EXE101,AngelPad (NYC),AngelPad (NYC),,,,,,,,https://angelpad.com/portfolio/
EXE101,Seed Accelerators database,Seed Accelerators,,,,,,,,https://www.seed-db.com/accelerators
EXE101,The Lean Startup,Eric Ries,,,,,,,,
EXE101,How to Design a Better Pitch Deck,Kevin Hale,,,,,,,,https://www.ycombinator.com/library/4T-how-to-design-a-better-pitch-deck/
EXE101,A Guide to Seed Fundraising,Geoff Ralston,,,,,,,,https://www.ycombinator.com/library/4A-a-guide-to-seed-fundraising
EXE101,A Guide to YC Demo Day Presentations,Geoff Ralston,,,,,,,,https://www.ycombinator.com/library/49-a-guide-to-yc-demo-day-presentations
PMG201c,https://learner.coursera.help/hc/en-us/articles/208280036-Coursera-Code-of-Conduct,,Coursera,,,,,,,
PMG201c,ITPM: Information Technology Project Management,Kathy Schwalbe,Cengage Learning,,8th,9781285452340,,,,
PMG201c,The Project Management Body of Knowledge (PMBOK Guide),,,,5th,,,,,
PMG201c,SE8: Software Engineering,Ian Sommerville,Addison-Wesley,,8th,,,,,
PMG201c,https://www.coursera.org/learn/project-planning,,Coursera,,,,,,,MOOC 1: Initiating and Planning Projects
PMG201c,https://www.coursera.org/learn/schedule-projects,,Coursera,,,,,,,MOOC 2: Budgeting and Scheduling Projects
PMG201c,https://www.coursera.org/learn/project-risk-management,,Coursera,,,,,,,MOOC 3: Managing Project Risks and Changes
PMG201c,https://www.coursera.org/learn/project-management-capstone,,Coursera,,,,,,,MOOC 4: Project Management Project
PMG201c,https://www.coursera.org/specializations/project-management,,Coursera,,,,,,,SPEC: Project Management Principles and Practices
DSP391m,Data Mining Pipeline,University of Colorado Boulder,Coursera,,,,,,,https://www.coursera.org/learn/data-mining-pipeline?specialization=data-mining-foundations-practice
DSP391m,Data Visualization,University of Illinois at Urbana-Champaign,Coursera,,,,,,,https://www.coursera.org/learn/datavisualization?specialization=data-mining
DSP391m,Pattern Discovery in Data Mining,University of Illinois at Urbana-Champaign,Coursera,,,,,,,https://www.coursera.org/learn/data-patterns?specialization=data-mining
DSP391m,Cluster Analysis in Data Mining,University of Illinois at Urbana-Champaign,Coursera,,,,,,,https://www.coursera.org/learn/cluster-analysis?specialization=data-mining
DSP391m,Research Paper: Various research papers on machine learning algorithms,,,,,,,,,https://scholar.google.com/
DSP391m,Dataset: Publicly available datasets from Kaggle,,,,,,,,,https://www.kaggle.com/
AIE301m,Spec: Machine Learning for Trading Specialization,Google Cloud,Coursera,,,,,,,https://www.coursera.org/specializations/machine-learning-trading
AIE301m,"MOOC 1: Introduction to Trading, Machine Learning & GCP",Google Cloud,Coursera,,,,,,,https://www.coursera.org/learn/introduction-trading-machine-learning-gcp?specialization=machine-learning-trading
AIE301m,MOOC 2: Using Machine Learning in Trading and Finance,Google Cloud,Coursera,,,,,,,https://www.coursera.org/learn/machine-learning-trading-finance?specialization=machine-learning-trading
AIE301m,MOOC 3: Reinforcement Learning for Trading Strategies,Google Cloud,Coursera,,,,,,,https://www.coursera.org/learn/trading-strategies-reinforcement-learning?specialization=machine-learning-trading
AIE301m,"Hands-On Machine Learning with Scikit-Learn, Keras, and TensorFlow: Concepts, Tools, and Techniques to Build Intelligent Systems",Aurélien Géron,O'Reilly Media,5/9/2017 12:00:00 AM,1st edition,978-1491962299,,,,http://ds.libol.fpt.edu.vn/
AIE301m,Course AI For Everyone,Deeplearning.AI,Coursera,,,,,,,https://www.coursera.org/learn/ai-for-everyone
AID301c,IBM AI Enterprise Workflow Specialization,IBM,Coursera,,,,,,,https://www.coursera.org/specializations/ibm-ai-workflow
AID301c,Course 1. AI Workflow: Business Priorities and Data Ingestion,IBM,Coursera,,,,,,,https://www.coursera.org/learn/ibm-ai-workflow-business-priorities-data-ingestion
AID301c,Course 2. AI Workflow: Data Analysis and Hypothesis Testing,IBM,Coursera,,,,,,,https://www.coursera.org/learn/ibm-ai-workflow-data-analysis-hypothesis-testing
AID301c,Course 3. AI Workflow: Feature Engineering and Bias Detection,IBM,Coursera,,,,,,,https://www.coursera.org/learn/ibm-ai-workflow-feature-engineering-bias-detection
AID301c,"Course 4. AI Workflow: Machine Learning, Visual Recognition and NLP",IBM,Coursera,,,,,,,https://www.coursera.org/learn/ibm-ai-workflow-machine-learning-vr-nlp?specialization=ibm-ai-workflow
AID301c,Course 5. AI Workflow: Enterprise Model Deployment,IBM,Coursera,,,,,,,https://www.coursera.org/learn/ibm-ai-workflow-machine-learning-model-deployment?specialization=ibm-ai-workflow
AID301c,Course 6. AI Workflow: AI in Production,IBM,Coursera,,,,,,,https://www.coursera.org/learn/ibm-ai-workflow-ai-production?specialization=ibm-ai-workflow
AID301c,Help Articles,,Coursera,,,,,,,https://www.coursera.support/s/article/208280036-Coursera-Code-of-Conduct?language=en_US
EXE201,"Online material sources (video, documents)","YCombinator (San Jose, CA)",,,,,,,,www.StartupSchool.org
EXE201,Startup Directory sources,"YCombinat or (San Jose, CA)",,,,,,,,https://www.ycombinator.com/companies/
EXE201,Techstars,"Techstars (Boulder, Colorado)",,,,,,,,https://www.techstars.com/portfolio
EXE201,500 Startups,500Startups,,,,,,,,https://500.co/companies
EXE201,AngelPad (NYC),AngelPad (NYC),,,,,,,,https://angelpad.com/portfolio/
EXE201,Seed Accelerators database,Seed Accelerat ors,,,,,,,,https://www.seed-db.com/accelera tors
EXE201,The Lean Startup,Eric Ries,,,,,,,,
EXE201,How to Design a Better Pitch Deck,Kevin Hale,,,,,,,,https://www.ycombinator.com/library/4T-how-to-design-a-better-pitch-deck/
EXE201,A Guide to Seed Fundraising,Geoff Ralston,,,,,,,,https://www.ycombinator.com/library/4A- a-guide- to-seed- fundraisi ng
EXE201,A Guide to YC Demo Day Presentations,Geoff Ralston,,,,,,,,https://www.ycombinator.com/library/49-a-guide-to-yc-demo-day-present ations
MLN111,"Giáo trình Triết học Mác-Lênin, dùng cho sinh viên đại học hệ không chuyên lý luận chính trịPhilosophy of Marxism – Leninism textbook for non-politics majored students",Bộ Giáo dục và Đào tạoMinistry of Education and Training,Nhà xuất bản Chính trị quốc gia sự thậtTruth National Political Publishing House,2021,1,,,,,
MLN111,"Giáo trình Triết học Mác-Lênin, dùng cho sinh viên đại học hệ chuyên lý luận chính trịPhilosophy of Marxism – Leninism textbook for politics majored students",Bộ Giáo dục và Đào tạoMinistry of Education and Training,Nhà xuất bản Chính trị quốc gia sự thậtTruth National Political Publishing House,2021,1,,,,,
MLN111,Giáo trình Triết học Mác-LêninPhilosophy of Marxism – Leninism textbook,Bộ Giáo dục và Đào tạoMinistry of Education and Training,Nhà xuất bản Chính trị quốc giaNational Political Publishing House,2010,,,,,,
MLN111,C. Mác và Ph.  Ăngghen: Toàn tậpMarx/Engels Collected Works,C. Mác và Ph.  Ăngghen,Nhà xuất bản Chính trị quốc giaNational Political Publishing House,1995,1,,,,,
MLN111,V.I. Lênnin: Toàn tậpSelected works [of] V. I. Lenin,V.I. Lênnin,Nhà xuất bản Chính trị quốc giaNational Political Publishing House,2005,1,,,,,
MLN111,Giáo trình Triết học Mác-LêninPhilosophy of Marxism – Leninism textbook,Bộ Giáo dục và Đào tạoMinistry of Education and Training,Nhà xuất bản Chính trị quốc giaNational Political Publishing House,1999,,,,,,
MLN111,"Giáo trình Triết học Mác-Lênin, dùng cho sinh viên đại học hệ không chuyên lý luận chính trị - Bản dự thảoPhilosophy of Marxism – Leninism textbook for non-politics majored students - Draft",Bộ Giáo dục và Đào tạoMinistry of Education and Training,Nhà xuất bản Chính trị quốc gia sự thậtTruth National Political Publishing House,2019,,,,,,https://moet.gov.vn/van-ban/vbdh/Pages/chi-tiet-van-ban.aspx?ItemID=2729#divShowDialogDownload
MLN122,"Giáo trình Kinh tế chính trị Mác-Lênin, dùng cho sinh viên đại học hệ không chuyên lý luận chính trịPolitical economics of Marxism – Leninism textbook for non-politics majored students",Bộ Giáo dục và Đào tạoMinistry of Education and Training,Nhà xuất bản Chính trị quốc gia sự thậtTruth National Political Publishing House,2021,1,,,,,
MLN122,"Giáo trình Kinh tế chính trị Mác - Leenin, dùng cho sinh viên đại học hệ chuyên lý luận chính trịPolitical economics of Marxism – Leninism textbook for politics majored students",Bộ Giáo dục và Đào tạoMinistry of Education and Training,Nhà xuất bản Chính trị quốc gia sự thậtTruth National Political Publishing House,2021,1,,,,,
MLN122,"Văn kiện Đại hội Đảng toàn quốc lần thứ VI, VII, VIII, IX, X, XI, XII, XIIIPolitical report of the 6th, 7th, 8th, 9th, 10th, 11th, 12th, 13th Party Congress",Đảng Cộng sản Việt NamThe Communist Party of Vietnam,Nhà xuất bản Chính trị quốc gia National Political Publishing House,,1,,,,,
MLN122,"C. Mác và Ph.  Ăngghen: Toàn tập, t4,8,12,13, 18 ,20, 23, 25, 46Marx/Engels Collected Works, Vol. 4, 8, 12,13, 18 ,20, 23, 25, 46",C. Mác và Ph.  Ăngghen,Nhà xuất bản Chính trị quốc giaNational Political Publishing House,2002,1,,,,,
MLN122,"V.I. Lênnin: Toàn tập, t3, 27, 45V. I. Lenin, Collected Works, Vol. 3, 27, 45",V.I. Lênnin,Nhà xuất bản Chính trị quốc giaNational Political Publishing House,2005,,,,,,
MLN122,"Giáo trình Kinh tế chính trị Mác-Lênin, dùng cho sinh viên đại học hệ không chuyên lý luận chính trị - Bản dự thảoPolitical economics of Marxism – Leninism textbook for non-politics majored students - Draft",Bộ Giáo dục và Đào tạoMinistry of Education and Training,Nhà xuất bản Chính trị quốc gia sự thậtTruth National Political Publishing House,2019,,,,,,https://moet.gov.vn/van-ban/vbdh/Pages/chi-tiet-van-ban.aspx?ItemID=2729#divShowDialogDownload
REL301m,Fundamentals of Reinforcement Learning-,University of Alberta,Coursera,,,,,,,https://www.coursera.org/learn/fundamentals-of-reinforcement-learning
REL301m,Sample-based Learning Methods,University of Alberta,Coursera,,,,,,,https://www.coursera.org/learn/sample-based-learning-methods
REL301m,Prediction and Control with Function Approximation,University of Alberta,Coursera,,,,,,,https://www.coursera.org/learn/prediction-control-function-approximation
REL301m,A Complete Reinforcement Learning System (Capstone),University of Alberta,Coursera,,,,,,,https://www.coursera.org/learn/complete-reinforcement-learning-system
REL301m,Guided ProjectCreate a Tic-Tac-Toe game in Python,Coursera Project Network,Coursera,,,,,,,https://www.coursera.org/projects/tic-tac-toe-game-python
AIP491,The Student’s Guide of Capstone Project(Template_AIP491_CP_StudentsGuide),,,,,,,,,FPTU Material
AIP491,Graduated Regulation (Quy che tot nghiep),,,,,,,,,FPTU Material
AIP491,"Project Templates (on CMS/LMS, FLM)",,,,,,,,,FPTU Material
EXE401,'Hướng dẫn thực hiện Quy chế đào tạo về Dự án khởi nghiệp tốt nghiệp,,,,,,,,,ban hành kèm theo syllabus này
EXE401,'Quy chế đào tạo hệ đại học chính quy tại Trường Đại học FPT,,,,,,,,,ban hành kèm theo quyết định số 774/QĐ-ĐHFPT ngày 07/09/2022
EXE401,'Quyết định về việc triển khai Chương trình Trải nghiệm khởi nghiệp tại Trường Đại học FPT,,,,,,,,,ban hành kèm theo quyết định số 911/QĐ-ĐHFPT ngày 31/08/2023
HCM202,"Giáo trình Tư tưởng Hồ Chí Minh, dùng cho sinh viên bậc đại học hệ không chuyên ngành lý luận chính trịHo Chi Minh ideology textbook for non-politics majored students",Bộ Giáo dục và Đào tạoMinistry of Education and Training,Nhà xuất bản Chính trị quốc gia sự thậtTruth National Political Publishing House,2021,1,,,,,
HCM202,"Giáo trình Tư tưởng Hồ Chí Minh, dùng cho sinh viên bậc đại học hệ chuyên ngành lý luận chính trịHo Chi Minh ideology textbook for politics majored students",Bộ Giáo dục và Đào tạoMinistry of Education and Training,Nhà xuất bản Chính trị quốc gia sự thậtTruth National Political Publishing House,2021,1,,,,,
HCM202,Hồ Chí Minh toàn tậpThe Selected Works of Ho Chi Minh,Hồ Chí MinhHo Chi Minh,Nhà xuất bản Chính trị quốc gia National Political Publishing House,2011,1,,,,,
HCM202,Hồ Chí Minh a life,William J. Duiker,"Nhà xuất bản Hyperion, New York Hyperion Publishing, New York",2000,1,,,,,
HCM202,"Tài liệu giảng dạy về phòng, chống tham nhũng dùng cho các trường đại học, cao đẳng không chuyên về luật(Phê duyệt kèm theo Quyết định số 3468/QĐ-BGDĐT ngày 06 tháng 9 năm 2014 của Bộ trưởng Bộ Giáo dục và Đào tạo)",Chủ biên et al.,BỘ GIÁO DỤC VÀ ĐÀO TẠO,2014,,,,,,https://drive.google.com/file/d/1Tf3Fyybs8puDEnp5JGw3zqezIfreh6H2/view?usp=sharing
HCM202,"Kiên quyết, kiên trì đấu tranh phòng, chống tham nhũng, tiêu cực, góp phần xây dựng Đảng và Nhà nước ta ngày càng trong sạch, vững mạnh",Tổng Bí thư Nguyễn Phú Trọng,Nhà xuất bản Chính trị quốc gia Sự thật,,,,,,,https://tulieuvankien.dangcongsan.vn/van-kien-tu-lieu-ve-dang/book/sach-chinh-tri/kien-quyet-kien-tri-dau-tranh-phong-chong-tham-nhung-tieu-cuc-gop-phan-xay-dung-dang-va-nha-nuoc-ta-ngay-cang-trong-sach-436
HCM202,"Giáo trình Tư tưởng Hồ Chí Minh, dùng cho sinh viên bậc đại học hệ không chuyên ngành lý luận chính trị - Bản dự thảoHo Chi Minh ideology textbook for non-politics majored students - Draft",Bộ Giáo dục và Đào tạoMinistry of Education and Training,Nhà xuất bản Chính trị quốc gia sự thậtTruth National Political Publishing House,2019,,,,,,https://moet.gov.vn/van-ban/vbdh/Pages/chi-tiet-van-ban.aspx?ItemID=2729#divShowDialogDownload
MLN131,"Giáo trình Chủ nghĩa xã hội khoa học, dùng cho sinh viên đại học hệ không chuyên lý luận chính trịScientific socialism textbook for non-politics majored students",Bộ Giáo dục và Đào tạoMinistry of Education and Training,Nhà xuất bản Chính trị quốc gia sự thậtTruth National Political Publishing House,2021,1,,,,,
MLN131,"Giáo trình Chủ nghĩa xã hội khoa học, dùng cho sinh viên đại học hệ chuyên lý luận chính trịScientific socialism textbook for politics majored students",Bộ Giáo dục và Đào tạoMinistry of Education and Training,Nhà xuất bản Chính trị quốc gia sự thậtTruth National Political Publishing House,2021,1,,,,,
MLN131,Giáo trình Chủ nghĩa xã hội khoa họcScientific socialism textbook,Bộ Giáo dục và Đào tạoMinistry of Education and Training,Vietnam Education Publishing House,2006,,,,,,
MLN131,C. Mác và Ph.  Ăngghen: Toàn tậpMarx/Engels Collected Works,C. Mác và Ph.  Ăngghen,Nhà xuất bản Chính trị quốc giaNational Political Publishing House,2004,1,,,,,
MLN131,V.I. Lênnin: Toàn tậpSelected works [of] V. I. Lenin,V.I. Lênnin,Nhà xuất bản Chính trị quốc giaNational Political Publishing House,2005,1,,,,,
MLN131,"Tài liệu giảng dạy về phòng, chống tham nhũng dùng cho các trường đại học, cao đẳng không chuyên về luật(Phê duyệt kèm theo Quyết định số 3468/QĐ-BGDĐT ngày 06 tháng 9 năm 2014 của Bộ trưởng Bộ Giáo dục và Đào tạo)",Chủ biên et al.,BỘ GIÁO DỤC VÀ ĐÀO TẠO,2014,,,,,,https://drive.google.com/file/d/1Tf3Fyybs8puDEnp5JGw3zqezIfreh6H2/view?usp=sharing
MLN131,"Kiên quyết, kiên trì đấu tranh phòng, chống tham nhũng, tiêu cực, góp phần xây dựng Đảng và Nhà nước ta ngày càng trong sạch, vững mạnh",Tổng Bí thư Nguyễn Phú Trọng,Nhà xuất bản Chính trị quốc gia Sự thật,,,,,,,https://tulieuvankien.dangcongsan.vn/van-kien-tu-lieu-ve-dang/book/sach-chinh-tri/kien-quyet-kien-tri-dau-tranh-phong-chong-tham-nhung-tieu-cuc-gop-phan-xay-dung-dang-va-nha-nuoc-ta-ngay-cang-trong-sach-436
VNR202,"Giáo trình Lịch sử Đảng Cộng sản Việt Nam (Dành cho sinh viên đại học, cao đẳng khối không chuyên ngành Mác – Lênin, tư tưởng Hồ Chí Minh)History of CPV textbook for students whose major is not Marxism-Leninism and Ho Chi Minh ideology",Bộ Giáo dục và Đào tạoMinistry of Education and Training,Nhà xuất bản Chính trị quốc gia sự thậtTruth National Political Publishing House,2021,1,,,,,
VNR202,"Giáo trình Lịch sử Đảng Cộng sản Việt Nam (Dành cho sinh viên đại học, cao đẳng chuyên ngành Mác – Lênin, tư tưởng Hồ Chí Minh)History of CPV textbook for students whose major is Marxism-Leninism and Ho Chi Minh ideology",Bộ Giáo dục và Đào tạoMinistry of Education and Training,Nhà xuất bản Chính trị quốc gia sự thậtTruth National Political Publishing House,2021,1,,,,,
VNR202,"Hồ Chí Minh toàn tập, tập 1 đến tập 15The Selected Works of Ho Chi Minh, Vol. 1 to 5",Hồ Chí Minh,Nhà xuất bản Chính trị quốc gia National Political Publishing House,2011,1,,,,,
VNR202,"Lịch sử Đảng Cộng sản Việt Nam, tập 1History of the Communist Party of Vietnam, Vol. 1",Institute of History,Nhà xuất bản Chính trị quốc gia National Political Publishing House,2018,1,,,,,
VNR202,"Chiến tranh cách mạng Việt Nam 1945-1975, thắng lợi và bài họcVietnamese Revolutionary War, 1945–1975: Victory and Lessons",Ban chỉ đạo tổng kết chiến tranh trực thuộc Bộ chính trị,Nhà xuất bản Chính trị quốc gia National Political Publishing House,2008,1,,,,,
VNR202,Báo cáo tổng kết một số vấn đề lý luận thực tiễn qua 30 năm đổi mớiThe final report on the summary of some theoretical-practical issues over the past 30 years of innovation,"Đảng Cộng sản Việt Nam, Ban chấp hành Trung ương, Ban chỉ đạo tổng kếtCommunist Party of Vietnam, Central Committee of the Communist Party of Vietnam,National Steering Committee",Nhà xuất bản Chính trị quốc gia National Political Publishing House,2015,1,,,,,
VNR202,Văn kiện Đại hội đại biểu toàn quốc lần thứ XIIPolitical report of the 13th Party Congress,Đảng Cộng sản Việt NamCommunist Party of Vietnam,Nhà xuất bản Chính trị quốc gia National Political Publishing House,2016,1,,,,,
VNR202,"Tài liệu giảng dạy về phòng, chống tham nhũng dùng cho các trường đại học, cao đẳng không chuyên về luật(Phê duyệt kèm theo Quyết định số 3468/QĐ-BGDĐT ngày 06 tháng 9 năm 2014 của Bộ trưởng Bộ Giáo dục và Đào tạo)",Chủ biên et al.,BỘ GIÁO DỤC VÀ ĐÀO TẠO,2014,,,,,,https://drive.google.com/file/d/1Tf3Fyybs8puDEnp5JGw3zqezIfreh6H2/view?usp=sharing
VNR202,"Kiên quyết, kiên trì đấu tranh phòng, chống tham nhũng, tiêu cực, góp phần xây dựng Đảng và Nhà nước ta ngày càng trong sạch, vững mạnh",Tổng Bí thư Nguyễn Phú Trọng,Nhà xuất bản Chính trị quốc gia Sự thật,,,,,,,https://tulieuvankien.dangcongsan.vn/van-kien-tu-lieu-ve-dang/book/sach-chinh-tri/kien-quyet-kien-tri-dau-tranh-phong-chong-tham-nhung-tieu-cuc-gop-phan-xay-dung-dang-va-nha-nuoc-ta-ngay-cang-trong-sach-436
VNR202,"Giáo trình Lịch sử Đảng Cộng sản Việt Nam (Dành cho sinh viên đại học, cao đẳng khối không chuyên ngành Mác – Lênin, tư tưởng Hồ Chí Minh) - Bản dự thảoHistory of CPV textbook for students whose major is not Marxism-Leninism and Ho Chi Minh ideology - Draft",Bộ Giáo dục và Đào tạoMinistry of Education and Training,Nhà xuất bản Chính trị quốc gia sự thậtTruth National Political Publishing House,2019,,,,,,https://moet.gov.vn/van-ban/vbdh/Pages/chi-tiet-van-ban.aspx?ItemID=2729#divShowDialogDownload.
